group,window_day,mean_cumulative_abnormal_return,se_cumulative_abnormal_return,events,ci_low,ci_high
Early/middle disclosure,-20,-0.0028899407695698906,0.0019516927675504007,157,-0.006715258593968676,0.0009353770548288947
Early/middle disclosure,-19,-0.001348374485290566,0.0028591717588873273,157,-0.006952351132709728,0.004255602162128596
Early/middle disclosure,-18,0.0018626178187890856,0.0034528824459131575,157,-0.004905031775200703,0.008630267412778874
Early/middle disclosure,-17,0.0025801583208972046,0.004022657103072761,157,-0.005304249601125408,0.010464566242919818
Early/middle disclosure,-16,0.0044715380125328105,0.004795841961354693,157,-0.0049283122317223885,0.01387138825678801
Early/middle disclosure,-15,0.010272635483982107,0.005146743815132163,157,0.00018501760632306727,0.020360253361641146
Early/middle disclosure,-14,0.011945456071224108,0.005670175815626416,157,0.000831911472596333,0.023059000669851885
Early/middle disclosure,-13,0.0127909324976627,0.005932150610111021,157,0.0011639173018450997,0.024417947693480303
Early/middle disclosure,-12,0.012683049931440983,0.006459970031044612,157,2.150867059354418e-05,0.02534459119228842
Early/middle disclosure,-11,0.012790684802025788,0.006233790689945342,157,0.0005724550497329187,0.025008914554318657
Early/middle disclosure,-10,0.018326270387724587,0.006595492074204712,157,0.005399105922283352,0.031253434853165826
Early/middle disclosure,-9,0.010358706296885607,0.006825055465357583,157,-0.003018402415215256,0.02373581500898647
Early/middle disclosure,-8,0.00333952025846241,0.007851858819150676,157,-0.012050123027072914,0.018729163543997736
Early/middle disclosure,-7,0.0072553487603914555,0.007717855598241596,157,-0.007871648212162071,0.022382345732944984
Early/middle disclosure,-6,0.005904015849058621,0.007746522285773584,157,-0.009279167831057604,0.021087199529174844
Early/middle disclosure,-5,0.005288676978136537,0.008371790050050426,157,-0.011120031519962298,0.02169738547623537
Early/middle disclosure,-4,0.0012394469785937245,0.008430416047273195,157,-0.015284168474061739,0.01776306243124919
Early/middle disclosure,-3,-0.0009567650712038046,0.008179859494267697,157,-0.016989289679968492,0.015075759537560882
Early/middle disclosure,-2,-0.0010509091209992705,0.008500567136062667,157,-0.017712020707682095,0.015610202465683556
Early/middle disclosure,-1,0.0012124446195139417,0.009138414453871632,157,-0.01669884771007446,0.01912373694910234
Early/middle disclosure,0,0.007053136714663634,0.00984067915191267,157,-0.012234594423085198,0.026340867852412464
Early/middle disclosure,1,0.008934391984882429,0.01001130763208337,157,-0.010687770974000976,0.028556554943765834
Early/middle disclosure,2,0.010111244709029575,0.01072340602626534,157,-0.01090663110245049,0.03112912052050964
Early/middle disclosure,3,0.007471942880011027,0.010442846544345739,157,-0.01299603634690662,0.027939922106928677
Early/middle disclosure,4,0.012268080548599203,0.010637113763146487,157,-0.00858066242716791,0.03311682352436632
Early/middle disclosure,5,0.011511651608633475,0.010211020355641108,157,-0.008501948288423097,0.03152525150569005
Early/middle disclosure,6,0.013133883447212164,0.01031229449057294,157,-0.007078213754310796,0.033345980648735125
Early/middle disclosure,7,0.014300954608362367,0.010562183290946593,157,-0.0064009246418929525,0.03500283385861769
Early/middle disclosure,8,0.005529477847747158,0.010661246805134838,157,-0.015366565890317124,0.02642552158581144
Early/middle disclosure,9,0.002194531585011878,0.010913674742941174,157,-0.01919627091115282,0.02358533408117658
Early/middle disclosure,10,0.005163948683756777,0.011321316062917973,157,-0.01702583079956245,0.027353728167076
Early/middle disclosure,11,0.0018731449657450445,0.011332938726458224,157,-0.020339414938113077,0.024085704869603163
Early/middle disclosure,12,0.00674497633040588,0.011638243439222972,157,-0.016065980810471146,0.029555933471282905
Early/middle disclosure,13,0.006475355498026682,0.011436071063620294,157,-0.015939343786669096,0.028890054782722458
Early/middle disclosure,14,0.005514067086481478,0.011251037640726498,157,-0.016537966689342456,0.027566100862305414
Early/middle disclosure,15,0.0057426424731982185,0.011457680818368218,157,-0.01671441193080349,0.028199696877199927
Early/middle disclosure,16,0.005343625359796021,0.011478654075150306,157,-0.01715453662749858,0.02784178734709062
Early/middle disclosure,17,0.005356213564476975,0.011751365543785582,157,-0.017676462901342768,0.028388890030296716
Early/middle disclosure,18,0.006150289631967458,0.011438530108834357,157,-0.016269229381347883,0.028569808645282798
Early/middle disclosure,19,0.0037615570367372365,0.011827153811622365,157,-0.019419664434042597,0.02694277850751707
Early/middle disclosure,20,0.003332499459607628,0.011953649689860056,157,-0.020096653932518083,0.02676165285173334
Late disclosure,-20,-0.0002682628607075023,0.003047160074118129,83,-0.006240696605979035,0.005704170884564029
Late disclosure,-19,-0.0006831991345025983,0.004095865372171809,83,-0.008711095263959344,0.007344696994954147
Late disclosure,-18,0.0032313856996110915,0.005849403357839937,83,-0.008233444881755186,0.014696216280977368
Late disclosure,-17,-0.0032746409683414718,0.00752550368855269,83,-0.018024628197904742,0.0114753462612218
Late disclosure,-16,-0.006205404013810439,0.00779547170991698,83,-0.02148452856524772,0.009073720537626843
Late disclosure,-15,-0.009934872502602258,0.008665924849896312,83,-0.02692008520839903,0.007050340203194514
Late disclosure,-14,-0.012006383758754334,0.008614743351638669,83,-0.028891280727966123,0.004878513210457456
Late disclosure,-13,-0.01571692935800283,0.009265501800175624,83,-0.03387731288634706,0.002443454170341395
Late disclosure,-12,-0.01725973172063381,0.009685667570109503,83,-0.036243640158048436,0.0017241767167808161
Late disclosure,-11,-0.03332511329285143,0.011305272643465994,83,-0.05548344767404477,-0.011166778911658081
Late disclosure,-10,-0.06793589779806937,0.012689161749109092,83,-0.09280665482632319,-0.043065140769815546
Late disclosure,-9,-0.0797020281242838,0.012009493935169925,83,-0.10324063623721685,-0.056163420011350745
Late disclosure,-8,-0.06782772218467982,0.010749537717477504,83,-0.08889681611093572,-0.04675862825842391
Late disclosure,-7,-0.06912604245063195,0.011224930872292859,83,-0.09112690696032595,-0.04712517794093794
Late disclosure,-6,-0.07525406986847229,0.012350281020055184,83,-0.09946062066778044,-0.051047519069164125
Late disclosure,-5,-0.07420014435170576,0.01152423378228025,83,-0.09678764256497505,-0.05161264613843647
Late disclosure,-4,-0.06997004396407859,0.011437648314877891,83,-0.09238783466123926,-0.04755225326691792
Late disclosure,-3,-0.07426717158700169,0.01139364891327498,83,-0.09659872345702064,-0.05193561971698273
Late disclosure,-2,-0.08099220097701365,0.011659279726092852,83,-0.10384438924015564,-0.05814001271387166
Late disclosure,-1,-0.0755190484055422,0.01139040752527569,83,-0.09784424715508255,-0.05319384965600185
Late disclosure,0,-0.06384112799516602,0.01251798370903947,83,-0.08837637606488338,-0.03930587992544866
Late disclosure,1,-0.05644138479954033,0.013539718347246675,83,-0.08297923276014381,-0.029903536838936845
Late disclosure,2,-0.05232483209648671,0.01399440935806227,83,-0.07975387443828875,-0.02489578975468466
Late disclosure,3,-0.0551898788581933,0.014718985555538728,83,-0.08403909054704921,-0.026340667169337393
Late disclosure,4,-0.058042539085633865,0.015233503303312626,83,-0.0879002055601266,-0.02818487261114112
Late disclosure,5,-0.05731889813447647,0.015755719255342526,83,-0.08820010787494782,-0.02643768839400512
Late disclosure,6,-0.060670679178981585,0.017477875734806317,83,-0.09492731561920197,-0.026414042738761204
Late disclosure,7,-0.05855100649575066,0.018586439119882024,83,-0.09498042717071942,-0.022121585820781893
Late disclosure,8,-0.05863880805604601,0.018707997610256513,83,-0.09530648337214878,-0.021971132739943243
Late disclosure,9,-0.05581606361215188,0.018581422280102736,83,-0.09223565128115324,-0.019396475943150512
Late disclosure,10,-0.056354561863420805,0.01871120741039682,83,-0.09302852838779857,-0.01968059533904304
Late disclosure,11,-0.05259749720958447,0.018674338697900257,83,-0.08919920105746898,-0.015995793361699963
Late disclosure,12,-0.050748289496491454,0.01910056237556474,83,-0.08818539175259835,-0.013311187240384562
Late disclosure,13,-0.05457868982337209,0.018925856800917733,83,-0.09167336915317084,-0.017484010493573336
Late disclosure,14,-0.0495644500842934,0.018275781208296264,83,-0.08538498125255409,-0.013743918916032723
Late disclosure,15,-0.054089929874697774,0.019253354024459084,83,-0.09182650376263758,-0.016353355986757967
Late disclosure,16,-0.051653088892169706,0.020482571090920106,83,-0.09179892823037311,-0.0115072495539663
Late disclosure,17,-0.05399565341617999,0.02166880288508207,83,-0.09646650707094084,-0.011524799761419131
Late disclosure,18,-0.05635504156073213,0.022670839447029776,83,-0.10078988687691048,-0.011920196244553767
Late disclosure,19,-0.05538097127525485,0.02303440207233574,83,-0.10052839933703289,-0.010233543213476796
Late disclosure,20,-0.048433537976867606,0.023949789998423218,83,-0.09537512637377711,-0.0014919495799581017
