event_id,symbol,fiscal_year,bad_news_realized,late_disclosure_q75,postponed,revision_count,predicted_bad_news_risk,risk_bucket,actual_disclosure,event_trading_date,car_m1_p1,car_0_p5,car_1_p20,car_m5_m1
0,000665,2023,1,0,0,0,0.9737826263144078,top_20_risk,2024-04-18,2024-04-18,0.02831687675805561,-0.014169650693414804,0.026919641576131137,-0.09492942394953785
1,603978,2023,1,0,0,0,0.9923786739551228,top_20_risk,2024-04-24,2024-04-24,0.06361084920471038,0.10042664481418273,0.027551867249687723,-7.400108116062398e-05
2,002423,2023,0,0,0,0,0.004461124253382933,bottom_20_risk,2024-04-26,2024-04-26,0.02111862525915087,0.01525056070676789,-0.061367559602055866,-0.027174748770201096
3,603606,2023,0,0,0,0,0.003554247776543528,bottom_20_risk,2024-03-21,2024-03-21,0.03377395327601529,0.015252996214294545,-0.13254690052254603,-0.03426828621533262
4,603610,2023,0,0,0,0,0.001841593025549558,bottom_20_risk,2024-04-19,2024-04-19,0.14563550740349485,0.08177366373606099,0.03744198797341303,-0.023637731616567015
5,002300,2021,0,0,0,0,,not_test_year,2022-03-31,2022-03-31,-0.0030070281865586246,-0.0326881919626979,-0.10993199014122879,-0.040180890823940274
6,600805,2021,1,0,0,0,,not_test_year,2022-04-16,2022-04-18,0.0019558785131390533,0.17267798715453553,0.1853150077069754,-0.03196301502499066
7,600933,2023,0,1,1,1,0.0041001476028032285,bottom_20_risk,2024-04-27,2024-04-29,0.03629669237493449,0.005373412103655273,-0.12314958899294048,0.023358033004795775
8,603936,2023,1,1,0,0,0.9947103446681462,top_20_risk,2024-04-27,2024-04-29,0.06621723593411655,0.033172496402402385,-0.05149601797947323,0.0978971401436769
9,000524,2023,0,0,0,0,0.011346836036684583,middle_60_risk,2024-03-23,2024-03-25,-0.06493320313806461,0.025059598624107116,0.14710031689093894,0.09294905578480372
10,000571,2023,1,1,1,1,0.9925509852589722,top_20_risk,2024-04-30,2024-04-30,-0.003884396637559573,0.03093500230822932,-0.004053091182825264,0.053998249893547734
11,002460,2022,0,0,0,0,,not_test_year,2023-03-30,2023-03-30,-0.009386587270629243,-0.07217493121219043,-0.016691745395911006,-0.01484471715867175
12,603031,2023,0,0,0,0,0.003846998861100231,bottom_20_risk,2024-03-12,2024-03-12,0.03149572889362118,0.14919281748599833,-0.35099634929381673,0.05839997167555788
13,002224,2022,0,1,0,0,,not_test_year,2023-04-28,2023-04-28,0.015448753688224848,0.024501745631107075,0.08340028508362807,0.0218884062246526
14,002526,2023,0,0,0,0,0.0035556044478847293,bottom_20_risk,2024-04-24,2024-04-24,0.036652276123571026,-0.06877507087365953,-0.06759023580373547,0.15043503963504945
15,002236,2022,0,1,0,0,,not_test_year,2023-04-28,2023-04-28,0.0704375997686354,0.035022653652541647,-0.1000644409782312,-0.17835597815852366
16,000717,2022,1,1,0,0,,not_test_year,2023-04-28,2023-04-28,0.05021632400568121,0.1117374537017558,0.12599859763453614,-0.010447345091805671
17,002314,2023,1,0,0,1,0.9815473295907872,top_20_risk,2024-03-30,2024-04-01,-0.020812773834069653,-0.04214131203418858,-0.045551502190647075,-0.028628470881813528
18,600877,2023,0,0,1,1,0.050025186710781426,middle_60_risk,2024-04-26,2024-04-26,0.07086562082899683,0.049657364239494406,-0.09783046878454149,-0.018562922793113334
19,002660,2023,0,0,0,0,0.005911282631627121,middle_60_risk,2024-03-30,2024-04-01,0.12924299512181925,-0.06656679426273104,-0.14573462700928985,0.06567052468257484
20,000720,2023,1,1,0,0,0.9474577514725044,middle_60_risk,2024-04-30,2024-04-30,0.07226929628169676,0.021360672648417567,-0.017989546548782154,0.08368847118318679
21,603727,2023,1,0,0,0,0.9915244591988002,top_20_risk,2024-03-30,2024-04-01,0.1379112879943083,0.07186830605844674,0.09195997922137811,0.03453740813228234
22,600843,2021,0,1,1,1,,not_test_year,2022-04-30,2022-05-05,0.09012470846091591,0.09778188019530043,0.09346512764088011,-0.1344244314854367
23,603079,2023,1,0,0,0,0.9861597556314126,top_20_risk,2024-04-20,2024-04-22,0.03411264682123216,0.21973008442781194,0.18829866269999262,-0.13537448303369815
24,688011,2022,1,0,0,0,,not_test_year,2023-04-21,2023-04-21,-0.09809252320628337,-0.04886504001678549,0.07545413934361012,-0.04558742934551174
25,601956,2023,0,0,0,0,0.010949322485847098,middle_60_risk,2024-04-04,2024-04-08,0.001660977853254142,0.02298339557666107,0.05764273599138359,0.04592975683263567
26,000069,2023,1,0,0,0,0.9790811000606289,top_20_risk,2024-03-30,2024-04-01,-0.03133717539771852,-0.020545217740556287,-0.04573081626882869,-0.0444789498643372
27,002199,2022,1,0,0,0,,not_test_year,2023-04-22,2023-04-24,-0.057525185102201726,0.0006496109904371439,0.11216747019223783,-0.02158709727773711
28,603665,2022,0,1,1,1,,not_test_year,2023-04-28,2023-04-28,-0.041122553500570924,-0.055935492892753125,-0.004490546616926716,-0.026115272733503336
29,601111,2023,1,0,0,0,0.39954690377949437,middle_60_risk,2024-03-29,2024-03-29,0.01633290692606404,0.009119091379947264,-0.005337977771130431,-0.009855112457152315
30,002517,2023,0,1,0,0,0.00444169585828422,bottom_20_risk,2024-04-30,2024-04-30,0.04527570488542121,-0.015028801134922998,-0.07024753853837062,0.10608018696708443
31,603212,2022,0,1,0,0,,not_test_year,2023-04-28,2023-04-28,-0.07472991268410689,-0.06585585344537526,0.0001920511847576245,-0.015651154234135767
32,000816,2023,1,0,0,1,0.9915137781450296,top_20_risk,2024-04-26,2024-04-26,0.011810522046312943,0.1079610692331856,0.008199889754920697,-0.0021300962767325515
33,002337,2021,0,0,0,1,,not_test_year,2022-04-19,2022-04-19,0.03388658844383574,-0.06436684845990182,-0.08398313356456255,-0.0178304131923519
34,001259,2023,1,1,0,0,0.9871975145584322,top_20_risk,2024-04-27,2024-04-29,-0.015090597080687829,0.04413349022064306,0.012709365810213202,0.013768001282578934
35,603275,2023,0,0,0,0,0.002995617414110557,bottom_20_risk,2024-04-26,2024-04-26,0.0013654696551488321,-0.0005314259099158392,-0.019225326952634236,0.03962484569286184
36,002329,2021,1,1,1,1,,not_test_year,2022-04-28,2022-04-28,0.057793947050505334,0.06295703182162204,0.1784128064367435,-0.16494958934958237
37,000525,2023,1,1,0,0,0.9975766227227338,top_20_risk,2024-04-30,2024-04-30,-0.03786776074622178,-0.10066966292931723,-0.33123594701557946,0.08866202217812047
38,603281,2023,0,0,0,0,0.003294248744525511,bottom_20_risk,2024-03-28,2024-03-28,-0.010755404345237363,0.0026052531288364156,0.020032278937497594,-0.020806118241288862
39,000100,2021,0,1,0,0,,not_test_year,2022-04-28,2022-04-28,-0.05439351296029382,-0.049254190859463365,0.0670749976211007,-0.05501462234209964
40,600756,2022,0,0,0,0,,not_test_year,2023-04-12,2023-04-12,0.025226200038616642,-0.02168333070664752,-0.12283143965148702,-0.028163614014785288
41,603861,2023,0,0,0,0,0.0016182667432727122,bottom_20_risk,2024-04-23,2024-04-23,0.0022957527997226057,0.04447943167001389,0.1509581072905165,0.055316213531418246
42,603079,2022,1,0,0,0,,not_test_year,2023-03-25,2023-03-27,0.003859962485238344,-0.042838917310735636,-0.10470084550463621,-0.006557688853439658
43,600819,2023,1,0,0,0,0.9930611117296952,top_20_risk,2024-03-30,2024-04-01,0.07848592937075194,0.11148545479544902,-0.05800136879633999,-0.019745081244868845
44,605338,2023,0,0,0,0,0.005859809061174134,middle_60_risk,2024-03-29,2024-03-29,0.012525299183612892,0.021043737969178133,0.007113886269813241,-0.03949645377840916
45,603217,2023,0,0,0,0,0.00283394475884866,bottom_20_risk,2024-04-17,2024-04-17,-0.024716901296318983,-0.014407591723810342,0.11496451540240515,-0.10138122246259029
46,000554,2021,0,1,0,0,,not_test_year,2022-04-28,2022-04-28,0.0107907446885811,0.08369022852887342,0.2737806633857016,-0.08480918865215759
47,002403,2023,1,1,0,0,0.9940076882289413,top_20_risk,2024-04-29,2024-04-29,0.07141856042404282,0.08598359310182069,-0.029092411948413388,0.006369219566358719
48,605050,2023,0,0,0,0,0.005264556917060857,middle_60_risk,2024-04-16,2024-04-16,-0.06764382920877932,-0.03704714634753592,-0.045644666044573845,0.0023955166398350602
49,603235,2023,0,0,0,0,0.0029174997057982207,bottom_20_risk,2024-04-24,2024-04-24,-0.00974994596832035,0.0439896292337717,0.01026579219173096,0.14121914328455665
50,002584,2022,1,1,0,0,,not_test_year,2023-04-29,2023-05-04,-0.002054879308307167,-0.17545443215181566,-0.08024764447299215,0.009477505115666252
51,605398,2022,0,0,0,0,,not_test_year,2023-04-13,2023-04-13,-0.005575568324666325,-0.04480788700176763,-0.1275706253361365,0.08081385493094484
52,603712,2021,0,1,0,0,,not_test_year,2022-04-28,2022-04-28,-0.0016345850629199132,0.05371563819551539,-0.00198289002213059,-0.06090785128656606
53,000525,2022,0,1,0,0,,not_test_year,2023-04-29,2023-05-04,-0.0013750626633655116,-0.12610776442369187,0.18535519300146852,-0.03668787924086214
54,000978,2022,1,0,1,1,,not_test_year,2023-04-15,2023-04-17,-0.10503663398861973,-0.09510735475759391,-0.15146227816661195,0.04871122219371882
55,002157,2021,1,1,0,0,,not_test_year,2022-04-30,2022-05-05,-0.03648762388308713,-0.014547469062109353,0.013555625104036517,-0.06314561927009155
56,601858,2023,0,1,0,0,0.004320516335115698,bottom_20_risk,2024-04-27,2024-04-29,0.0035039559729095338,-0.034300455429448484,-0.10574404142588378,-0.022319651232313387
57,002331,2021,1,0,0,0,,not_test_year,2022-04-27,2022-04-27,-0.07038704873844115,0.05004425591415007,0.036512543631915806,-0.14562199807346998
58,000690,2023,0,0,0,1,0.002055785085275214,bottom_20_risk,2024-04-09,2024-04-09,0.08134525312887064,0.07551801741810249,0.02254753310544577,0.062102894822148924
59,002524,2023,0,0,0,0,0.7860926862442151,middle_60_risk,2024-04-25,2024-04-25,-0.043213163005702215,-0.015326212087218405,-0.12331424435276894,0.036754790015931516
60,000852,2023,0,0,0,0,0.0037671107868343444,bottom_20_risk,2024-04-26,2024-04-26,-0.017366602929272168,-0.02398915987682726,-0.05398911469445822,-0.015386135986333205
61,605298,2023,0,1,0,1,0.020142465359432832,middle_60_risk,2024-04-29,2024-04-29,-0.04460399055199482,0.020271081307403405,-0.020290220239588597,0.012744443407573303
62,603650,2023,0,0,0,0,0.01049256082196679,middle_60_risk,2024-04-25,2024-04-25,-0.011668789692876103,-0.025458269723708016,0.03471685457836149,0.15465253604450324
63,603596,2023,0,0,0,0,0.001144233572486308,bottom_20_risk,2024-03-28,2024-03-28,-0.04942710031172248,-0.026204473639051318,-0.006953056440053396,-0.015558660143000336
64,603619,2023,0,1,0,0,0.003445188894134003,bottom_20_risk,2024-04-30,2024-04-30,-0.05785610979890077,-0.021509093436823834,0.018701251398789198,-0.07037340478726761
65,603393,2023,0,1,0,0,0.0018193088256916504,bottom_20_risk,2024-04-27,2024-04-29,0.011004503458882375,-0.014501599666197573,-0.006223820104883648,0.008512486239505401
66,603488,2023,0,0,0,0,0.0028925494219757247,bottom_20_risk,2024-03-28,2024-03-28,0.02497400627605828,-0.04751746822320024,-0.04544592505379341,-0.0652688080763687
67,002695,2023,0,0,0,0,0.002758738112865152,bottom_20_risk,2024-03-30,2024-04-01,0.014932230044915284,0.006181096378142459,-0.033955933174602104,0.006376235856278334
68,001378,2023,0,0,0,0,0.0024526521969074743,bottom_20_risk,2024-04-25,2024-04-25,-0.002178984866343159,0.05909369729299219,-0.0036032338039928558,-0.028650228095961072
69,002584,2021,0,0,0,0,,not_test_year,2022-04-22,2022-04-22,-0.1275236999789212,-0.05626382515025652,0.017786124142788462,-0.1090187193985388
70,002607,2022,1,1,0,0,,not_test_year,2023-04-28,2023-04-28,0.10478887426138284,0.0337747247314939,0.09771483349169607,0.13791204580959238
71,000883,2023,0,1,0,0,0.002634309112119166,bottom_20_risk,2024-04-27,2024-04-29,0.003746898713734681,-0.0012092461270533095,0.046188840600157044,-0.049395162435980855
72,000898,2023,1,0,0,0,0.986215849949993,top_20_risk,2024-03-29,2024-03-29,-0.013805526820314995,0.045605330210223505,-0.016854459963213886,-0.027902664432587043
73,002633,2023,1,1,1,1,0.945955323014957,middle_60_risk,2024-04-30,2024-04-30,0.18109103456653208,0.09341610290827684,0.05408288719683774,0.08164603558299033
74,603353,2023,0,1,0,0,0.0027327074915729703,bottom_20_risk,2024-04-27,2024-04-29,-0.04629859523173341,-0.029024577244144645,-0.15182070230052047,-0.01292893778451043
75,601717,2023,0,0,0,0,0.0028221157373623748,bottom_20_risk,2024-03-29,2024-03-29,0.0757030048862517,0.08926043606525735,0.14147698046947643,0.019134502665414055
76,000877,2023,1,0,0,1,0.9914288546794706,top_20_risk,2024-03-27,2024-03-27,0.03406194699149179,-0.0065879391764129824,-0.12234992927748167,0.02442147710424236
77,600828,2023,1,0,0,0,0.9803522212802485,top_20_risk,2024-03-21,2024-03-21,0.018457220749435677,-0.028959177355965315,-0.20154838738707692,-0.0176848562002766
78,000762,2022,0,0,0,0,,not_test_year,2023-04-27,2023-04-27,-0.017045637374218492,-0.08293782528873594,0.004349775876882678,-0.0244075078875422
79,603259,2023,0,0,0,0,0.005863350802647851,middle_60_risk,2024-03-19,2024-03-19,-0.02157337398485959,-0.0986327195312312,-0.1492897327252708,-0.024822001675588568
80,601886,2023,0,0,0,0,0.0041356896451046335,bottom_20_risk,2024-03-28,2024-03-28,0.012777309961275574,-0.00033758628590163653,-0.056594465381421655,-0.03495192729765928
81,605028,2023,0,0,0,0,0.002050358213742428,bottom_20_risk,2024-03-20,2024-03-20,0.0008377946633497668,-0.036422664225500445,0.009037733572219153,0.06763167425619465
82,002172,2021,1,1,0,0,,not_test_year,2022-04-29,2022-04-29,0.03128202496156751,0.06779070025784939,0.02620899537790644,-0.14451128684525538
83,002551,2022,1,1,1,1,,not_test_year,2023-04-29,2023-05-04,0.019709469186736883,0.00012592097926433787,0.03766615722627309,0.03580083617792129
84,000537,2023,0,1,0,0,0.011614837979103189,middle_60_risk,2024-04-30,2024-04-30,0.005404988991823068,0.006263071028170253,0.14960257048016767,-0.02545522161458391
85,603825,2023,1,1,0,0,0.9849637764076972,top_20_risk,2024-04-30,2024-04-30,0.016238954102087977,-0.009630041110497256,-0.10044674173354429,0.09829490086404236
86,001313,2023,1,1,0,0,0.9911197772968597,top_20_risk,2024-04-29,2024-04-29,0.08816814521766625,0.05312661779213301,-0.04848118688826897,0.1161982857384537
87,002180,2023,1,1,0,0,0.994887355194293,top_20_risk,2024-04-27,2024-04-29,0.11591572926622817,0.03271859373163588,0.10742966784010355,0.09460232417291903
88,002496,2023,1,0,0,0,0.991302780118634,top_20_risk,2024-04-25,2024-04-25,0.07150512677021126,0.16333129214601216,0.014038438241675055,0.03823150950291687
89,603189,2023,1,0,0,0,0.9974696831960137,top_20_risk,2024-04-16,2024-04-16,-0.10055877708286964,0.009587450483470983,0.19182132765901527,-0.07663411836937206
90,002641,2022,1,0,0,0,,not_test_year,2023-03-31,2023-03-31,-0.002070837056824315,0.011170219664925818,0.09132891650032049,-0.032357675908166406
91,002025,2023,0,0,0,0,0.015842211175856085,middle_60_risk,2024-03-30,2024-04-01,-0.01130096725117069,-0.009605057813157902,0.03625080204113418,-0.08936855951706946
92,603360,2022,0,1,0,0,,not_test_year,2023-04-29,2023-05-04,-0.013010063096320135,0.001835563358076775,0.10694387125373328,0.020619721433104865
93,002100,2023,1,1,0,0,0.9925529823306759,top_20_risk,2024-04-29,2024-04-29,0.0521803922194507,0.11567836401895293,0.1989172880654444,0.04667466900441397
94,601360,2023,1,0,0,0,0.8238246300402371,middle_60_risk,2024-04-20,2024-04-22,-0.01639540824725283,0.061806402662484605,0.028735939357214302,-0.0972870412626462
95,000017,2022,1,0,0,0,,not_test_year,2023-04-25,2023-04-25,0.0006300229326925422,0.04788382610235142,0.1252974237851202,-0.005949934406715651
96,601872,2023,0,0,0,0,0.0033627086517142514,bottom_20_risk,2024-03-28,2024-03-28,0.02508525814492557,0.023361597817932567,0.047421636116833255,0.014393572392226606
97,603895,2023,1,1,0,1,0.9862928983064084,top_20_risk,2024-04-27,2024-04-29,0.011472793836438067,0.003323938339318655,-0.06783376490777504,0.056501772945522055
98,601127,2022,1,1,0,0,,not_test_year,2023-04-29,2023-05-04,-0.035407160909238344,-0.011787423081022874,-0.07712029850462598,-0.04417822428101481
99,600779,2023,0,1,0,0,0.00646659506560842,middle_60_risk,2024-04-27,2024-04-29,-0.025163909836626974,-0.010182453460749308,0.014605858062491595,0.05567127628100599
100,603338,2023,0,0,0,0,0.0016632303467329715,bottom_20_risk,2024-04-25,2024-04-25,-0.03540207087133884,0.00015382970217403535,0.016634376087782288,-0.07825122627987058
101,002530,2023,1,0,0,0,0.9518577759602155,middle_60_risk,2024-04-26,2024-04-26,0.06989006087664129,0.027447899859999514,-0.013051778368484923,0.018808234914950872
102,002534,2023,1,0,0,0,0.9945455823882222,top_20_risk,2024-03-30,2024-04-01,0.04085149189164006,0.012933193032088064,0.0562590021555226,-0.036784478024408096
103,002424,2022,0,1,1,1,,not_test_year,2023-04-29,2023-05-04,0.025727071073819885,-0.0016963928615668644,0.011835967050078389,0.024135086538725425
104,601900,2021,0,1,0,0,,not_test_year,2022-04-28,2022-04-28,-0.02229239550238582,0.03947268691868222,0.10056976525426409,-0.09062252670578763
105,000557,2021,0,1,0,0,,not_test_year,2022-04-28,2022-04-28,-0.009267080387713289,0.05066468185537465,0.1960549716453912,-0.09699319127576611
106,603912,2023,0,0,0,0,0.019647547398644685,middle_60_risk,2024-03-22,2024-03-22,0.04944540436416256,-0.006934753399549742,-0.22816897423107185,0.04091310222550204
107,000056,2023,1,1,0,0,0.9851069780564733,top_20_risk,2024-04-27,2024-04-29,0.063021357348652,0.04911045983377871,-0.07749659811698306,0.015905261711405383
108,000679,2023,1,0,0,0,0.9834749948835662,top_20_risk,2024-04-18,2024-04-18,-0.07547526233850188,0.029395593401319142,0.012116973778484197,-0.2611884629353627
109,600903,2023,0,0,0,0,0.0030128008937028118,bottom_20_risk,2024-04-20,2024-04-22,-0.00519555834594243,-0.033049244188341986,0.0036352850995179375,-0.02405677845061338
110,000059,2023,1,0,0,0,0.9954074423695448,top_20_risk,2024-04-13,2024-04-15,-0.10351930547774701,-0.22971695935563352,-0.09785229570874587,0.11832189739569898
111,002074,2023,0,0,0,0,0.0047182611693434105,bottom_20_risk,2024-04-20,2024-04-22,-0.04674621555431968,0.0017838446431991395,0.13565983855102925,-0.06808271074772032
112,002315,2023,0,0,0,0,0.00376828381127353,bottom_20_risk,2024-02-23,2024-02-23,0.059121150265550426,0.14507990763465728,0.13300603574294956,0.15818999562878555
113,001299,2023,0,0,1,1,0.0058323389529524984,middle_60_risk,2024-04-25,2024-04-25,0.018734221072590374,0.035520541254912885,0.07070328436917717,0.042910980705521684
114,002115,2021,1,1,0,0,,not_test_year,2022-04-30,2022-05-05,0.04811170897944328,0.0419432356754329,0.038286460984380044,-0.07166693579533001
115,002536,2023,0,0,0,0,0.002165078137563655,bottom_20_risk,2024-04-12,2024-04-12,-0.08054012281061307,-0.04747437574893809,-0.13542455695880629,-0.003919457262042569
116,603121,2023,0,0,0,0,0.002532085545354506,bottom_20_risk,2024-04-25,2024-04-25,-0.017557666727265997,0.0122771060477751,-0.05423017437753441,0.13314756549039675
117,002629,2021,1,0,0,0,,not_test_year,2022-03-21,2022-03-21,0.10652849350070193,0.015046311531576984,0.04930338261173961,-0.010169225058133002
118,603556,2023,0,0,0,0,0.010080168515389561,middle_60_risk,2024-04-16,2024-04-16,0.15941855781564096,0.11986611434400596,0.06013350484137825,0.0947524144551567
119,001269,2023,0,1,0,0,0.0020215078287628167,bottom_20_risk,2024-04-27,2024-04-29,-0.09574577360764935,-0.10044327191479996,-0.1508253374443358,0.0597546209950468
120,603123,2023,1,1,0,0,0.9987383503759472,top_20_risk,2024-04-30,2024-04-30,0.0037478421144754304,-0.07535990710335172,-0.08951479131071671,0.08585523292038588
121,605001,2023,0,0,0,0,0.2787415165205226,middle_60_risk,2024-04-18,2024-04-18,0.29133901762758085,0.19608392714543743,-0.0030225202199534174,-0.08443203495513274
122,601838,2023,0,0,0,0,0.003983588247385301,bottom_20_risk,2024-04-25,2024-04-25,-0.026379479363345393,-0.0040994912429392905,0.05198272166719664,0.02462909639553912
123,603335,2023,1,0,0,1,0.9952623361349455,top_20_risk,2024-04-09,2024-04-09,0.11164906049152856,-0.05016796896050457,-0.15147492721734557,-0.022169853033697562
124,601231,2023,0,0,0,0,0.003627570566884958,bottom_20_risk,2024-04-02,2024-04-02,0.001557607506833536,-0.03674797860837142,0.050316048696608995,0.008376389436554721
125,600812,2023,0,0,0,0,0.16691139644740352,middle_60_risk,2024-03-30,2024-04-01,-0.004175858580131031,0.014193453760924069,0.08286503178471882,-0.018257852010335918
126,002623,2021,1,0,0,0,,not_test_year,2022-03-30,2022-03-30,-0.05167603403616128,-0.1258559212190522,-0.3158504317458748,-0.03619071283024311
127,600996,2023,1,1,0,0,0.9959043592437367,top_20_risk,2024-04-27,2024-04-29,0.0890747139947764,0.030117185812867597,0.018017636538935733,0.04217387295565389
128,002205,2023,1,1,1,1,0.9833125456014747,top_20_risk,2024-04-27,2024-04-29,0.038470950392812564,0.06336571879081532,-0.01715785424835825,0.03203247554469302
129,603927,2022,0,0,0,1,,not_test_year,2023-04-14,2023-04-14,0.03228064739187597,0.048725339091201025,-0.0783577211430202,0.01072079444457763
130,000702,2023,1,0,0,0,0.9877552359140492,top_20_risk,2024-04-09,2024-04-09,-0.019926201502200702,-0.23660786485084984,-0.0011993789721389536,0.03529353121402268
131,002394,2023,0,1,1,1,0.030032989190197566,middle_60_risk,2024-04-30,2024-04-30,-0.009379952122925084,-0.04021363214602891,-0.04223594264021635,0.01938236577668173
132,002323,2023,1,0,0,0,0.9714849442411627,top_20_risk,2024-03-30,2024-04-01,0.02927907802057783,-0.03071344155946909,-0.17901179338635864,-0.047227303488824535
133,001965,2023,0,0,0,0,0.01008296424216266,middle_60_risk,2024-04-03,2024-04-03,0.04434513316866673,0.06805344343067765,-0.0014114166995227162,-0.006680260174363295
134,002640,2023,1,0,0,0,0.9851281231865302,top_20_risk,2024-03-30,2024-04-01,-0.005635987420803401,-0.02682426888225775,-0.15510859863378634,-0.06141690758908869
135,000913,2023,0,0,0,0,0.013086516245041499,middle_60_risk,2024-04-18,2024-04-18,0.24002945040076973,0.14659111450979667,0.33027090666129866,0.017844247270759728
136,002236,2021,0,0,0,0,,not_test_year,2022-04-23,2022-04-25,-0.013059491720727179,-0.08677267185045812,-0.0686361535020601,0.12182433783704982
137,600794,2023,0,0,0,0,0.00346296451486643,bottom_20_risk,2024-03-30,2024-04-01,0.027368377447374304,0.023273617647780354,-0.0068463046774185354,0.008115077974446883
138,603216,2023,1,1,0,0,0.9060743445448158,middle_60_risk,2024-04-29,2024-04-29,0.059175140383954994,0.07718027113477033,0.01050536387890244,0.038120108531692565
139,000726,2023,1,0,0,0,0.9523188059784242,middle_60_risk,2024-04-12,2024-04-12,-0.017444180219854055,-0.022800196424857866,-0.05770525983356467,0.04041950728239507
140,603322,2021,1,1,1,1,,not_test_year,2022-04-30,2022-05-05,0.05015848787050625,0.06321321820801606,0.664984414073119,-0.06688799333026507
141,000981,2021,1,1,0,0,,not_test_year,2022-04-30,2022-05-05,0.05551301601137559,0.0011572475772085866,-0.018332529433016997,-0.022832345294770406
142,603886,2023,0,0,0,0,0.003192731251144278,bottom_20_risk,2024-03-26,2024-03-26,-0.05691361759770519,-0.06708870007652423,-0.0015131154804228775,0.02815088328855897
143,603916,2021,0,0,0,1,,not_test_year,2022-04-16,2022-04-18,0.034357022759949896,-0.08868744917434157,0.033168362826632714,0.04026861307318852
144,002430,2023,0,0,0,0,0.0038546556915436455,bottom_20_risk,2024-03-28,2024-03-28,0.04074947675966578,0.06970075084215577,-0.011320739604249286,-0.02470075567443686
145,000757,2023,1,0,0,0,0.991814324074692,top_20_risk,2024-04-26,2024-04-26,0.08313824177681184,0.055040682523889384,-0.044893655219156114,0.00317288985464681
146,601225,2023,0,0,0,0,0.007261646993650868,middle_60_risk,2024-04-26,2024-04-26,-0.06827660064289442,-0.02846546866103905,0.04258475157764685,-0.0545172904992709
147,002110,2023,1,0,0,0,0.9968055313713385,top_20_risk,2024-04-26,2024-04-26,-0.01493063862797972,-0.06713715422028976,-0.009266220227296396,-0.020832845345429063
148,002049,2023,0,0,1,1,0.0071771691233425685,middle_60_risk,2024-04-18,2024-04-18,0.010833594090348342,-0.03394705508059692,-0.08688213644399312,0.03422011936653235
149,600790,2023,1,0,0,0,0.975098781287807,top_20_risk,2024-04-11,2024-04-11,-0.021438320448887382,-0.07489222863946188,-0.07827745588857782,0.0016356527277751054
150,601231,2022,0,0,0,0,,not_test_year,2023-04-04,2023-04-04,0.03497338759570068,-0.01322795241756558,-0.2944148706822568,-0.033218712392245386
151,002099,2021,1,0,0,1,,not_test_year,2022-04-23,2022-04-25,0.04719837791764092,0.051378868203056705,0.05045404651505614,-0.05314168745432091
152,603093,2023,0,0,0,0,0.0013222325861209617,bottom_20_risk,2024-03-09,2024-03-11,-0.01441185341545681,0.011741342750714145,-0.004868042496677161,-0.02384732651137722
153,002109,2023,1,0,0,0,0.9952490350453833,top_20_risk,2024-04-26,2024-04-26,0.027779641107526398,0.1291182529066861,0.024783189298531405,0.0683236558963547
154,601369,2021,0,1,0,0,,not_test_year,2022-04-28,2022-04-28,0.09384580128953934,0.1411210604684514,0.15691926875255424,-0.06981141042514905
155,603879,2023,1,1,0,0,0.993083876486304,top_20_risk,2024-04-30,2024-05-06,-0.22402548312636406,-0.3171849587001939,-0.6072200579562211,-0.09699087950097318
156,002302,2023,0,0,0,0,0.004204876892708961,bottom_20_risk,2024-04-03,2024-04-03,0.03602217327370161,0.04529889333712067,-0.13831749603338905,0.008274181920824297
157,002612,2021,0,0,0,0,,not_test_year,2022-04-23,2022-04-25,-0.037893991966904905,-0.05603897572323413,0.08842202296714186,0.18650772864302212
158,605069,2023,1,1,0,0,0.9927730816673862,top_20_risk,2024-04-30,2024-04-30,0.1374723835020616,0.11722736747822027,0.07559790064822736,0.08729387213311912
159,601369,2023,0,0,0,0,0.00794725585468428,middle_60_risk,2024-04-18,2024-04-18,0.046247321596641466,-0.01796870329544986,-0.14577774754767148,0.06696604475920853
160,600782,2021,0,0,0,0,,not_test_year,2022-04-26,2022-04-26,-0.028548378256853413,0.0007485706149060745,-0.0007226599897289798,-0.09391964378374862
161,603486,2023,1,1,0,0,0.9842446863636457,top_20_risk,2024-04-27,2024-04-29,0.1431614689505013,0.21653788444903055,0.13216533125467633,0.057279106082669284
162,603979,2023,0,0,0,0,0.0024961147842437735,bottom_20_risk,2024-04-26,2024-04-26,-0.025157740765260006,-0.03413073439313219,0.04321944361345775,-0.04991434085284385
163,000031,2023,1,1,0,0,0.9888302628414752,top_20_risk,2024-04-27,2024-04-29,0.09235796326079426,0.026236088610546937,0.011065928612578713,0.03888128565376403
164,002412,2023,0,1,0,0,0.013101161011927077,middle_60_risk,2024-04-27,2024-04-29,0.08002903412607165,0.14105229249163265,0.027967972825876375,0.02360008483193543
165,000757,2022,1,0,0,0,,not_test_year,2023-04-21,2023-04-21,-0.010791341601842919,0.008030838039564503,0.1199837056705999,-0.057626254620197326
166,002043,2021,0,1,0,0,,not_test_year,2022-04-28,2022-04-28,0.035403405520640474,0.036080506563297976,0.04233465353018839,-0.07620125754753626
167,605228,2021,0,1,0,0,,not_test_year,2022-04-29,2022-04-29,0.011904919217335608,0.08064898146534216,0.12779708963916891,-0.11662464145465223
168,000401,2023,1,0,0,0,0.9893650884766345,top_20_risk,2024-03-28,2024-03-28,-0.03628672341203176,-0.021954346643058065,-0.0442521600862007,-0.024815694273345512
169,002632,2021,1,0,0,0,,not_test_year,2022-04-26,2022-04-26,-0.10728088163881688,-0.07537025173863088,0.07614308054242913,0.006939374985124647
170,002539,2023,0,0,0,0,0.004060558766322889,bottom_20_risk,2024-04-13,2024-04-15,-0.051423914957276495,-0.022477276059237106,0.05391198889526361,0.013124386934423637
171,603377,2023,1,1,1,1,0.99184312635108,top_20_risk,2024-04-30,2024-05-06,-0.08518308352391313,-0.3182548341323449,-0.8145174366022768,0.06876855070710863
172,000016,2023,1,0,0,0,0.9881606417063481,top_20_risk,2024-04-02,2024-04-02,-0.02551351521667866,-0.07494357449393763,-0.10368115156831736,0.0017603687655383116
173,002415,2022,0,0,0,0,,not_test_year,2023-04-15,2023-04-17,-0.05990679267484811,-0.09824087292064165,-0.16136382310996844,-0.01348688877184323
174,603408,2023,0,0,0,0,0.0021331003566188384,bottom_20_risk,2024-03-30,2024-04-01,0.10653346855183377,0.17148134526135383,0.1601065769971839,0.05221402038576961
175,603369,2023,0,1,0,0,0.003073513492315354,bottom_20_risk,2024-04-30,2024-04-30,-0.055505635002496057,-0.05588891833484522,-0.07083518731167338,0.003401021034600271
176,605128,2023,0,0,0,0,0.0022515258924618005,bottom_20_risk,2024-03-29,2024-03-29,-0.038204526383679105,-0.04412736241678872,-0.10150329670824143,-0.01694987676060067
177,000555,2022,0,0,0,0,,not_test_year,2023-03-31,2023-03-31,0.01815207367058469,-0.005201246705076268,-0.10227558800066205,0.013744779317200972
178,600986,2022,1,0,0,1,,not_test_year,2023-04-25,2023-04-25,0.11273016981727979,0.11513796568041268,-0.06482954432667143,0.0268721692964482
179,000975,2023,0,0,0,0,0.004246044251326132,bottom_20_risk,2024-03-23,2024-03-25,-0.004025963301625746,0.11559290879179884,0.1151356978060799,-0.006241651714733121
180,002355,2023,1,1,0,0,0.9865828205796305,top_20_risk,2024-04-30,2024-04-30,0.07370403243203816,0.04189306977102869,-0.04112122525021711,0.06839634399967842
181,002166,2023,1,0,0,1,0.9746371715093995,top_20_risk,2024-04-10,2024-04-10,-0.007180204203023011,-0.12557308806369416,0.16120637262641446,0.0872195890899845
182,002286,2023,1,0,0,0,0.9948480510909616,top_20_risk,2024-02-07,2024-02-07,-0.10782968596907194,0.035230928468475864,0.15453880344426885,-0.2925628270969529
183,002027,2021,0,1,1,1,,not_test_year,2022-04-29,2022-04-29,0.06609715350255618,0.09799484457783936,0.09189988821179962,0.008367821837373945
184,601399,2023,0,0,0,0,0.014530542541345958,middle_60_risk,2024-04-24,2024-04-24,-0.020396195561155905,0.015774463036144937,-0.023843466299476868,0.009908292966149035
185,002279,2023,1,0,0,0,0.9977613761455746,top_20_risk,2024-04-26,2024-04-26,0.014606424233152948,-0.011166675848576224,-0.08874156818271783,0.03462668281747994
186,600983,2022,0,1,0,0,,not_test_year,2023-04-28,2023-04-28,-0.06639110381109559,-0.10485983723977799,-0.02458732951594178,-0.027139807807165628
187,605555,2023,0,0,0,0,0.003996476924515198,bottom_20_risk,2024-04-26,2024-04-26,0.019576400256513637,0.04244507562470845,0.041255320245797145,0.05604803912273759
188,601689,2021,0,0,0,0,,not_test_year,2022-04-15,2022-04-15,0.0003467395600320611,0.09406266950067199,0.17175161554178908,-0.0704035114453947
189,002657,2023,1,0,0,0,0.9682580933350731,middle_60_risk,2024-04-26,2024-04-26,0.03526862127759445,0.0010928356141910456,-0.08497266062034015,0.02558141654648083
190,002230,2022,1,0,0,0,,not_test_year,2023-04-21,2023-04-21,0.047703253721015804,-0.021016915195244623,0.03792123032366934,0.07287615345226728
191,601018,2021,0,0,0,0,,not_test_year,2022-03-30,2022-03-30,-0.007908306764394912,0.03734323648444826,0.05722123558489789,0.018531534556471607
192,603004,2023,0,0,0,0,0.0015951865387047756,bottom_20_risk,2024-04-26,2024-04-26,0.006547372669433282,0.06797428063199507,0.057710082471074564,0.01216647096519674
193,600855,2023,1,0,1,1,0.9946763362917318,top_20_risk,2024-04-02,2024-04-02,-0.04711029097723907,-0.062054168274012556,0.06164340638252708,-0.025253803878294345
194,603565,2023,0,0,0,1,0.0016574912778628721,bottom_20_risk,2024-03-27,2024-03-27,0.049962241268602825,0.09492467301222862,0.03167552423669395,0.03231066537351712
195,603626,2023,1,0,0,0,0.9951939655235217,top_20_risk,2024-04-18,2024-04-18,0.02992056921419395,0.021590599181053216,0.028950786997477662,-0.204383225310375
196,002506,2021,1,1,0,0,,not_test_year,2022-04-30,2022-05-05,0.09758644660136406,0.10210117068128721,0.14895661312766562,-0.06538988346472618
197,605319,2021,0,1,0,0,,not_test_year,2022-04-30,2022-05-05,0.0678630339708498,0.063819808261383,0.15597365768954785,-0.14123707810235786
198,002219,2022,0,0,0,0,,not_test_year,2023-04-14,2023-04-14,0.020312693973899454,-0.02566176055650904,-0.13225031494669226,0.06392937668380394
199,601609,2022,0,1,0,0,,not_test_year,2023-04-29,2023-05-04,-0.004193148297536253,0.008216811982458494,0.013326965614021913,0.031011694518417454
200,603069,2021,1,0,0,0,,not_test_year,2022-03-31,2022-03-31,0.12936922079734303,0.30414324978369367,-0.007601343010283479,-0.02674116930371917
201,601512,2021,0,0,0,0,,not_test_year,2022-04-16,2022-04-18,-0.003276305114309652,0.01512445891561609,0.06285211454484918,-0.12211126052466803
202,002348,2022,1,1,0,0,,not_test_year,2023-04-29,2023-05-04,0.09433000745227327,-0.006395463673820712,-0.009615992648359106,0.1215654683521249
203,600815,2023,1,0,0,0,0.9849395848117837,top_20_risk,2024-04-19,2024-04-19,-0.061598276253169604,-0.033984147430414335,-0.06205046768967537,-0.1745029589815763
204,603880,2023,1,0,0,0,0.9796162632959786,top_20_risk,2024-03-30,2024-04-01,-0.029979096557078422,-0.08002739545789006,-0.08271885873664198,-0.02933113723390568
205,001311,2023,0,0,0,0,0.0028001239306209387,bottom_20_risk,2024-04-19,2024-04-19,0.020803489700700895,0.06957873438871465,0.07506074508570582,-0.0397398203185767
206,002306,2023,1,1,1,1,0.9823791510514193,top_20_risk,2024-04-30,2024-04-30,0.06333727867014904,0.04767670381853495,-0.025771150569776746,0.03853457340104982
207,000601,2023,1,1,0,0,0.9939070746934864,top_20_risk,2024-04-27,2024-04-29,0.06619104099604167,0.08215018653289985,0.07773969934101388,0.016248889762243035
208,000591,2022,0,0,0,0,,not_test_year,2023-04-13,2023-04-13,0.025505378435904946,0.04240609547829499,0.030028668500407862,0.0015247432277141204
209,000733,2022,0,1,0,0,,not_test_year,2023-04-28,2023-04-28,0.02210216779922014,0.029885885597723538,0.08775887651878633,0.02896762064949132
210,603586,2021,1,1,0,0,,not_test_year,2022-04-28,2022-04-28,0.023492245150360747,0.07114840530941147,0.11299621043613173,-0.04751010978629444
211,000609,2021,1,0,1,1,,not_test_year,2022-04-12,2022-04-12,0.037543930196413,-0.006159053768235445,0.053195823274338805,0.06265290448795224
212,000767,2021,1,1,0,0,,not_test_year,2022-04-29,2022-04-29,0.014250199053480572,0.019124034165761805,0.2669005502412286,-0.013049567006378493
213,002317,2023,0,0,0,0,0.013701155966270277,middle_60_risk,2024-04-23,2024-04-23,0.0011166199669520038,0.05192177260350994,-0.04509195292625623,-0.023418682936897972
214,603609,2023,1,0,0,0,0.9876470299461089,top_20_risk,2024-03-30,2024-04-01,0.020696812365261774,0.018187559981309387,-0.0031131502522697696,-0.01270972136789883
215,603223,2023,0,0,0,0,0.006453453195899617,middle_60_risk,2024-04-18,2024-04-18,0.021102709494219662,-0.0762447240705253,-0.038097095764821565,-0.0585701121765303
216,000876,2021,1,1,0,1,,not_test_year,2022-04-28,2022-04-28,-0.05550284596442423,-0.047400995543590896,-0.04252087910377056,-0.06111757206251722
217,000735,2023,1,1,0,0,0.9962903628957996,top_20_risk,2024-04-27,2024-04-29,0.05824682089650057,0.07791334095786573,0.001179922507035469,0.03923900119839252
218,605081,2023,1,0,0,0,0.9860860087662605,top_20_risk,2024-04-26,2024-04-26,0.030553851134469845,0.0937411645568399,0.19847730334051117,0.004288565678959189
219,603983,2023,0,1,0,0,0.004933220537393178,middle_60_risk,2024-04-27,2024-04-29,0.06282347368347774,0.09162259846340659,0.031189990818223712,0.014358240947525358
220,605188,2023,0,0,0,0,0.17217725092439656,middle_60_risk,2024-04-26,2024-04-26,0.03589252255629838,0.06501057094540552,-0.009190279439213689,-0.05745170497649188
221,605333,2023,0,0,0,0,0.028683049988166297,middle_60_risk,2024-04-26,2024-04-26,0.10689850269680856,0.19072407423110316,0.0090057845750654,0.045840764991734506
222,605167,2023,0,0,0,1,0.004263951660948245,bottom_20_risk,2024-04-26,2024-04-26,0.0008662622242586737,-0.0063090586992213815,-0.05840757431640886,0.06501157608914776
223,001296,2023,0,0,0,0,0.0021771212867238306,bottom_20_risk,2024-04-20,2024-04-22,0.04919356552394771,0.024256215558699945,0.003379599096845487,-0.04948618569086338
224,601138,2023,0,0,0,0,0.002125353497325607,bottom_20_risk,2024-03-14,2024-03-14,-0.06203822953983973,0.029113768499213544,-0.013593210458545113,0.10164925470259578
225,000756,2023,0,0,0,0,0.004713105063976316,bottom_20_risk,2024-03-29,2024-03-29,0.008983903991688358,-0.01277376253784368,-0.03489996000500606,-0.05863020782627515
226,002105,2022,0,0,1,1,,not_test_year,2023-03-17,2023-03-17,-0.07296282294628231,-0.06966584212887983,-0.16336648731872805,-0.028418895934620547
227,603040,2023,0,1,0,0,0.0035263936570469733,bottom_20_risk,2024-04-27,2024-04-29,0.0009086094330681416,0.015800912651586452,0.018335751152338098,0.06918478786954718
228,002012,2021,0,0,0,0,,not_test_year,2022-03-29,2022-03-29,-0.026433061047249296,-0.021638389028081795,-0.1694745365060183,0.015466351589566218
229,002623,2022,0,1,0,0,,not_test_year,2023-04-28,2023-04-28,-0.02648098356022044,-0.010306311100498289,0.06212409970151678,-0.0020401805891629987
230,002008,2023,0,0,0,0,0.049491009822661816,middle_60_risk,2024-04-18,2024-04-18,0.06409916017100048,0.10514931287720719,0.07933324830892596,-0.017163799248270606
231,603797,2021,0,1,0,0,,not_test_year,2022-04-30,2022-05-05,0.07352520428116105,0.14210341054265507,0.0669273615181396,-0.08639030679737292
232,300490,2023,1,1,1,1,0.9879195429680523,top_20_risk,2024-04-27,2024-04-29,0.054165499823574326,0.08771757614703046,-0.002324157394407611,-0.017558087121900212
233,603773,2022,1,0,0,0,,not_test_year,2023-04-27,2023-04-27,0.04873360167173435,-0.09324830499283432,0.2471894365200702,-0.06638285216531281
234,603167,2023,0,0,0,0,0.000876924944243864,bottom_20_risk,2024-04-10,2024-04-10,0.07042879736980112,0.05630026359646978,-0.050438510276129,0.09657455252880776
235,000612,2023,0,0,0,0,0.0017783191512842544,bottom_20_risk,2024-03-30,2024-04-01,0.16889153024312087,0.22754947627986521,0.245899861139808,0.0697953318556096
236,000830,2023,1,1,0,0,0.990416871907583,top_20_risk,2024-04-30,2024-04-30,0.08607013148787301,0.05062792794586046,0.06349763600433955,0.04491795514695518
237,601038,2023,0,0,0,0,0.003091907283266997,bottom_20_risk,2024-03-28,2024-03-28,0.05749298353884702,0.07909435322088221,0.1330409414651228,-0.003484267368588534
238,002576,2021,0,0,0,0,,not_test_year,2022-04-26,2022-04-26,-0.09104895404463065,-0.017663253110029253,0.2954205791178339,-0.0838438685236178
239,002592,2023,0,0,0,0,0.001694434106881576,bottom_20_risk,2024-03-30,2024-04-01,-0.06314027347635875,-0.17370019325986508,-0.12841433350311005,0.016036311565825856
