日期,开盘,最高,最低,收盘,成交量,成交额,outstanding_share,换手率,股票代码
2021-02-09,51.96,62.35,51.96,58.12,6793090.0,407624981.0,19530000.0,0.3478284690220174,605081
2021-02-10,52.32,54.8,52.31,52.31,1450903.0,76304244.0,19530000.0,0.07429098822324628,605081
2021-02-18,47.08,50.49,47.08,47.94,5588819.0,268618359.0,19530000.0,0.2861658474142345,605081
2021-02-19,46.85,49.25,46.53,48.5,3860227.0,183840027.0,19530000.0,0.19765627240143369,605081
2021-02-22,48.0,48.44,47.17,47.66,3250485.0,155173465.0,19530000.0,0.16643548387096774,605081
2021-02-23,47.4,47.59,45.91,45.97,3270454.0,152129772.0,19530000.0,0.167457962109575,605081
2021-02-24,45.68,46.38,45.5,46.0,1899142.0,87265618.0,19530000.0,0.09724229390681004,605081
2021-02-25,46.33,46.94,45.87,46.08,1849197.0,85545226.0,19530000.0,0.09468494623655914,605081
2021-02-26,45.96,47.3,45.63,46.9,2191792.0,102151497.0,19530000.0,0.11222693292370711,605081
2021-03-01,47.01,47.35,46.5,46.95,1769982.0,82927587.0,19530000.0,0.09062887864823349,605081
2021-03-02,46.83,47.77,46.55,47.69,2316833.0,109264094.0,19530000.0,0.1186294418842806,605081
2021-03-03,47.3,47.39,46.7,47.08,1924662.0,90449392.0,19530000.0,0.09854900153609832,605081
2021-03-04,46.83,47.5,46.56,46.56,1511951.0,70876097.0,19530000.0,0.0774168458781362,605081
2021-03-05,46.22,46.6,46.03,46.49,1092402.0,50642199.0,19530000.0,0.055934562211981564,605081
2021-03-08,46.54,47.65,46.52,47.59,2517445.0,119009751.0,19530000.0,0.12890143369175627,605081
2021-03-09,47.57,47.57,44.5,45.35,2275119.0,104559697.0,19530000.0,0.11649354838709677,605081
2021-03-10,45.36,45.75,44.48,44.76,1214626.0,54626639.0,19530000.0,0.062192831541218636,605081
2021-03-11,44.96,45.78,44.48,45.33,982928.0,44441834.0,19530000.0,0.05032913466461854,605081
2021-03-12,45.02,46.85,45.02,46.21,1624935.0,74784770.0,19530000.0,0.08320199692780338,605081
2021-03-15,45.72,46.1,45.1,45.49,1018188.0,46335975.0,19530000.0,0.05213456221198157,605081
2021-03-16,45.97,46.77,45.51,46.5,1686054.0,78013277.0,19530000.0,0.08633149001536099,605081
2021-03-17,46.2,46.8,45.71,46.57,1369543.0,63398989.0,19530000.0,0.07012508960573477,605081
2021-03-18,46.68,46.85,46.12,46.63,1272853.0,59175314.0,19530000.0,0.06517424475166411,605081
2021-03-19,46.46,48.2,46.04,47.09,2655375.0,125598038.0,19530000.0,0.13596390168970815,605081
2021-03-22,47.15,51.05,46.61,49.8,4822316.0,236614587.0,19530000.0,0.2469183819764465,605081
2021-03-23,49.02,54.67,48.26,50.65,4792292.0,240776680.0,19530000.0,0.2453810547875064,605081
2021-03-24,49.48,52.2,49.1,51.79,4002139.0,204732583.0,19530000.0,0.2049226318484383,605081
2021-03-25,51.85,53.42,48.99,49.0,3656668.0,186506391.0,19530000.0,0.18723338453661034,605081
2021-03-26,48.77,51.94,48.37,51.38,3476097.0,175802487.0,19530000.0,0.17798755760368665,605081
2021-03-29,50.8,53.6,50.35,52.9,4115022.0,214069403.0,19530000.0,0.2107026113671275,605081
2021-03-30,51.9,51.95,50.07,51.0,2890466.0,147049136.0,19530000.0,0.14800133128520226,605081
2021-03-31,50.3,52.19,49.6,50.42,2420328.0,123847278.0,19530000.0,0.12392872503840245,605081
2021-04-01,49.79,51.19,48.68,49.12,2273462.0,112471689.0,19530000.0,0.11640870455709165,605081
2021-04-02,49.03,52.36,48.73,51.7,3715556.0,189484898.0,19530000.0,0.19024864311315925,605081
2021-04-06,49.52,51.25,48.85,50.5,3401734.0,170317152.0,19530000.0,0.17417992831541218,605081
2021-04-07,50.74,55.55,50.0,55.55,3695353.0,197560590.0,19530000.0,0.18921418330773168,605081
2021-04-08,58.0,59.38,52.81,53.2,6598297.0,366085530.0,19530000.0,0.33785442908346136,605081
2021-04-09,51.36,52.7,50.84,51.18,3416271.0,176036056.0,19530000.0,0.1749242703533026,605081
2021-04-12,52.53,54.4,51.0,51.54,2932634.0,153011549.0,19530000.0,0.1501604710701485,605081
2021-04-13,50.7,54.38,49.47,53.25,4226930.0,221382766.0,19530000.0,0.21643266769073222,605081
2021-04-14,52.31,53.11,51.31,52.49,2846800.0,148693919.0,19530000.0,0.14576548899129543,605081
2021-04-15,52.0,53.91,51.1,53.37,3436696.0,182151133.0,19530000.0,0.1759700972862263,605081
2021-04-16,53.0,53.7,51.68,52.17,2680300.0,140512541.0,19530000.0,0.13724014336917562,605081
2021-04-19,51.36,51.73,50.17,51.17,2259624.0,115536411.0,19530000.0,0.11570015360983103,605081
2021-04-20,51.0,51.63,50.13,50.27,2160933.0,109817485.0,19530000.0,0.1106468509984639,605081
2021-04-21,50.14,51.1,48.6,48.69,2195017.0,108673676.0,19530000.0,0.11239206349206349,605081
2021-04-22,48.93,49.05,48.11,49.01,1323304.0,64259852.0,19530000.0,0.06775750128008193,605081
2021-04-23,48.86,49.34,46.86,47.1,2105885.0,100877459.0,19530000.0,0.10782821300563236,605081
2021-04-26,47.04,47.11,46.0,46.51,1181983.0,54965556.0,19530000.0,0.06052140296979007,605081
2021-04-27,45.54,46.29,44.57,45.28,1560357.0,70611280.0,19530000.0,0.07989539170506912,605081
2021-04-28,45.27,45.78,44.9,45.48,799029.0,36245056.0,19530000.0,0.04091290322580645,605081
2021-04-29,45.68,45.85,45.03,45.19,778586.0,35314886.0,19530000.0,0.03986615463389657,605081
2021-04-30,45.2,45.37,43.31,43.7,1488489.0,65653369.0,19530000.0,0.07621551459293395,605081
2021-05-06,43.1,44.28,43.07,44.01,716968.0,31436921.0,19530000.0,0.03671111111111111,605081
2021-05-07,43.9,44.33,43.73,44.0,627200.0,27635089.0,19530000.0,0.03211469534050179,605081
2021-05-10,43.6,44.72,43.58,44.2,647300.0,28652367.0,19530000.0,0.033143881208397334,605081
2021-05-11,44.15,44.29,43.82,44.1,638130.0,28084206.0,19530000.0,0.032674347158218126,605081
2021-05-12,43.97,44.54,43.35,44.45,890813.0,39220226.0,19530000.0,0.04561254480286738,605081
2021-05-13,44.18,44.34,43.55,43.72,602330.0,26520518.0,19530000.0,0.030841269841269843,605081
2021-05-14,43.75,45.8,43.68,45.04,1139694.0,51235728.0,19530000.0,0.05835606758832565,605081
2021-05-17,45.14,45.15,44.28,44.56,797130.0,35470435.0,19530000.0,0.04081566820276498,605081
2021-05-18,44.38,44.42,44.05,44.18,552500.0,24404775.0,19530000.0,0.028289810547875063,605081
2021-05-19,44.39,45.15,44.18,44.65,833121.0,37271602.0,19530000.0,0.04265852534562212,605081
2021-05-20,44.2,44.36,43.35,43.83,671521.0,29407537.0,19530000.0,0.034384075780849975,605081
2021-05-21,43.96,43.97,43.41,43.71,469200.0,20443246.0,19530000.0,0.02402457757296467,605081
2021-05-24,43.66,43.82,43.45,43.71,365007.0,15934518.0,19530000.0,0.018689554531490016,605081
2021-05-25,43.75,43.98,43.43,43.8,492207.0,21514606.0,19530000.0,0.025202611367127495,605081
2021-05-26,43.75,44.37,43.51,44.18,597021.0,26263880.0,19530000.0,0.030569431643625192,605081
2021-05-27,44.18,44.99,44.03,44.58,653200.0,29170432.0,19530000.0,0.03344598054275474,605081
2021-05-28,44.55,44.87,43.98,44.09,578000.0,25644734.0,19530000.0,0.029595494111623145,605081
2021-05-31,44.0,44.55,43.63,44.31,673429.0,29629850.0,19530000.0,0.034481771633384534,605081
2021-06-01,44.31,44.72,44.05,44.58,576500.0,25668463.0,19530000.0,0.02951868919610855,605081
2021-06-02,44.68,45.52,44.46,45.3,1148599.0,51715328.0,19530000.0,0.058812032770097285,605081
2021-06-03,45.3,46.11,44.89,45.67,1338654.0,60997635.0,19530000.0,0.06854347158218126,605081
2021-06-04,45.62,47.08,45.0,45.35,1309107.0,60177584.0,19530000.0,0.0670305683563748,605081
2021-06-07,44.82,45.0,44.1,44.17,907007.0,40216278.0,19530000.0,0.04644173067076293,605081
2021-06-08,44.17,44.39,43.85,43.95,506521.0,22296615.0,19530000.0,0.025935535074244752,605081
2021-06-09,43.96,44.12,43.8,43.99,456110.0,20056347.0,19530000.0,0.023354326676907324,605081
2021-06-10,44.0,44.38,43.7,43.79,521989.0,22884951.0,19530000.0,0.026727547363031234,605081
2021-06-11,43.82,44.33,43.55,43.93,516600.0,22681378.0,19530000.0,0.026451612903225806,605081
2021-06-15,43.93,44.26,42.85,42.92,694599.0,30169776.0,19530000.0,0.03556574500768049,605081
2021-06-16,42.96,42.97,39.55,40.31,1335287.0,54600502.0,19530000.0,0.0683710701484895,605081
2021-06-17,40.2,40.5,39.9,39.97,620423.0,24874751.0,19530000.0,0.03176769073220686,605081
2021-06-18,39.9,40.21,39.14,39.39,661638.0,26057404.0,19530000.0,0.03387803379416283,605081
2021-06-21,39.32,39.9,39.02,39.6,748517.0,29555942.0,19530000.0,0.03832652329749104,605081
2021-06-22,39.6,40.8,39.49,40.27,627713.0,25179865.0,19530000.0,0.03214096262160778,605081
2021-06-23,40.28,40.55,39.96,40.1,469813.0,18881316.0,19530000.0,0.024055965181771635,605081
2021-06-24,40.11,40.33,39.56,39.65,538516.0,21372001.0,19530000.0,0.027573783922171018,605081
2021-06-25,39.78,39.78,39.38,39.67,308703.0,12212138.0,19530000.0,0.015806605222734256,605081
2021-06-28,39.63,40.19,39.62,39.89,400503.0,15990691.0,19530000.0,0.02050706605222734,605081
2021-06-29,39.89,40.1,39.76,39.77,315300.0,12569385.0,19530000.0,0.016144393241167433,605081
2021-06-30,39.66,39.88,39.39,39.48,432300.0,17136679.0,19530000.0,0.022135176651305682,605081
2021-07-01,39.5,40.1,39.42,39.47,451546.0,17974435.0,19530000.0,0.02312063492063492,605081
2021-07-02,39.4,39.57,37.9,38.0,816968.0,31399803.0,19530000.0,0.041831438812083975,605081
2021-07-05,38.0,38.26,37.93,38.21,364068.0,13848904.0,19530000.0,0.01864147465437788,605081
2021-07-06,38.05,38.4,37.85,38.2,376891.0,14351031.0,19530000.0,0.019298054275473632,605081
2021-07-07,38.08,38.97,38.04,38.96,579335.0,22408646.0,19530000.0,0.02966385048643113,605081
2021-07-08,38.76,39.0,38.37,38.41,392446.0,15123811.0,19530000.0,0.02009452124935996,605081
2021-07-09,38.3,39.55,38.2,39.14,579700.0,22665920.0,19530000.0,0.029682539682539682,605081
2021-07-12,39.15,39.15,38.49,38.75,582100.0,22526066.0,19530000.0,0.029805427547363032,605081
2021-07-13,38.78,38.99,38.45,38.9,437300.0,16947556.0,19530000.0,0.022391193036354326,605081
2021-07-14,38.87,39.0,38.56,38.61,361700.0,13985634.0,19530000.0,0.01852022529441884,605081
2021-07-15,38.62,38.7,37.81,37.84,518000.0,19688828.0,19530000.0,0.026523297491039426,605081
2021-07-16,37.82,38.27,37.79,38.23,375867.0,14259473.0,19530000.0,0.019245622119815668,605081
2021-07-19,38.03,38.15,37.03,37.13,529203.0,19783062.0,19530000.0,0.027096927803379415,605081
2021-07-20,36.76,36.89,36.2,36.39,536903.0,19580440.0,19530000.0,0.027491193036354326,605081
2021-07-21,36.39,36.91,36.38,36.66,430122.0,15763923.0,19530000.0,0.022023655913978493,605081
2021-07-22,36.59,36.59,35.99,36.08,630800.0,22807981.0,19530000.0,0.032299027137736816,605081
2021-07-23,36.05,36.19,34.89,34.9,859400.0,30343040.0,19530000.0,0.04400409626216078,605081
2021-07-26,34.88,34.89,33.89,34.12,651857.0,22357636.0,19530000.0,0.03337721454173067,605081
2021-07-27,34.0,34.74,34.0,34.13,604200.0,20761735.0,19530000.0,0.030937019969278032,605081
2021-07-28,34.15,36.6,33.38,35.44,1149300.0,40346481.0,19530000.0,0.05884792626728111,605081
2021-07-29,35.43,35.65,34.93,35.25,678300.0,23896961.0,19530000.0,0.03473118279569892,605081
2021-07-30,34.84,35.41,34.53,35.3,390603.0,13640254.0,19530000.0,0.02000015360983103,605081
2021-08-02,35.31,35.98,35.03,35.88,542605.0,19401614.0,19530000.0,0.027783154121863798,605081
2021-08-03,35.88,36.03,35.66,35.75,399100.0,14284087.0,19530000.0,0.020435227854582693,605081
2021-08-04,35.7,35.7,35.11,35.22,580600.0,20508119.0,19530000.0,0.029728622631848438,605081
2021-08-05,35.18,35.27,34.85,34.95,308000.0,10788834.0,19530000.0,0.015770609318996417,605081
2021-08-06,35.0,35.0,34.16,34.34,529600.0,18244813.0,19530000.0,0.02711725550435228,605081
2021-08-09,34.49,35.3,34.37,35.12,567100.0,19810445.0,19530000.0,0.0290373783922171,605081
2021-08-10,35.05,35.75,35.01,35.48,509000.0,17968353.0,19530000.0,0.02606246799795187,605081
2021-08-11,35.4,35.88,35.25,35.79,495200.0,17638242.0,19530000.0,0.025355862775217616,605081
2021-08-12,35.61,36.42,35.5,35.76,476800.0,17085233.0,19530000.0,0.024413722478238607,605081
2021-08-13,35.74,35.85,35.35,35.43,397700.0,14135606.0,19530000.0,0.020363543266769073,605081
2021-08-16,35.39,36.66,35.35,36.21,742800.0,26815182.0,19530000.0,0.03803379416282642,605081
2021-08-17,36.33,36.88,35.77,35.79,707605.0,25636878.0,19530000.0,0.036231694828469024,605081
2021-08-18,35.75,35.96,35.49,35.89,543700.0,19408296.0,19530000.0,0.027839221710189453,605081
2021-08-19,35.63,36.15,35.61,35.84,493300.0,17701297.0,19530000.0,0.02525857654889913,605081
2021-08-20,35.85,35.85,35.02,35.28,426379.0,15064998.0,19530000.0,0.021832002048131082,605081
2021-08-23,35.0,36.1,35.0,35.93,471600.0,16861214.0,19530000.0,0.024147465437788018,605081
2021-08-24,35.98,36.47,35.83,36.37,592217.0,21477644.0,19530000.0,0.030323451100870456,605081
2021-08-25,36.33,36.96,36.02,36.56,668517.0,24476311.0,19530000.0,0.03423026113671275,605081
2021-08-26,35.0,35.4,34.4,34.68,1162883.0,40384604.0,19530000.0,0.05954342037890425,605081
2021-08-27,34.39,34.63,33.81,34.04,534100.0,18235065.0,19530000.0,0.02734767025089606,605081
2021-08-30,34.04,34.32,33.86,33.87,389900.0,13269735.0,19530000.0,0.01996415770609319,605081
2021-08-31,34.26,35.86,34.11,34.91,945258.0,33257564.0,19530000.0,0.048400307219662056,605081
2021-09-01,34.66,34.81,34.03,34.39,698999.0,24020039.0,19530000.0,0.0357910394265233,605081
2021-09-02,34.48,35.24,34.27,34.72,430999.0,14944856.0,19530000.0,0.022068561187916027,605081
2021-09-03,34.77,34.97,34.54,34.79,409345.0,14217858.0,19530000.0,0.020959805427547364,605081
2021-09-06,34.79,35.1,34.65,34.85,425438.0,14825854.0,19530000.0,0.021783819764464925,605081
2021-09-07,35.1,35.28,34.88,35.25,461700.0,16189797.0,19530000.0,0.023640552995391705,605081
2021-09-08,35.21,35.41,35.03,35.39,448739.0,15812655.0,19530000.0,0.022976907322068613,605081
2021-09-09,35.33,35.78,35.23,35.66,524600.0,18643356.0,19530000.0,0.026861239119303635,605081
2021-09-10,35.67,35.75,35.05,35.21,446200.0,15736181.0,19530000.0,0.02284690220174091,605081
2021-09-13,35.59,36.36,35.52,35.81,592299.0,21248703.0,19530000.0,0.030327649769585255,605081
2021-09-14,35.59,36.0,35.19,35.19,476200.0,16899432.0,19530000.0,0.02438300051203277,605081
2021-09-15,35.11,35.49,34.61,35.25,345200.0,12123881.0,19530000.0,0.01767537122375832,605081
2021-09-16,35.3,35.83,35.11,35.2,436600.0,15504493.0,19530000.0,0.022355350742447516,605081
2021-09-17,35.2,35.47,34.56,34.76,347100.0,12093181.0,19530000.0,0.017772657450076806,605081
2021-09-22,34.75,36.35,34.24,35.58,452900.0,15997179.0,19530000.0,0.02318996415770609,605081
2021-09-23,35.41,36.97,35.41,36.76,1238198.0,45055900.0,19530000.0,0.06339979518689196,605081
2021-09-24,36.8,36.98,36.08,36.31,807900.0,29531798.0,19530000.0,0.041367127496159756,605081
2021-09-27,36.4,36.8,35.4,35.55,576499.0,20715303.0,19530000.0,0.02951863799283154,605081
2021-09-28,35.58,36.35,35.1,35.73,351439.0,12532228.0,19530000.0,0.017994828469022017,605081
2021-09-29,35.73,35.73,34.51,34.51,477900.0,16670764.0,19530000.0,0.02447004608294931,605081
2021-09-30,34.51,35.23,34.5,34.69,246500.0,8563669.0,19530000.0,0.012621607782898106,605081
2021-10-08,35.33,36.06,35.06,35.33,364613.0,12936353.0,19530000.0,0.01866938044034818,605081
2021-10-11,35.3,35.3,34.81,35.19,294600.0,10320468.0,19530000.0,0.015084485407066053,605081
2021-10-12,34.89,35.31,34.52,34.73,242742.0,8455883.0,19530000.0,0.012429185867895546,605081
2021-10-13,34.62,34.95,34.52,34.93,267100.0,9266512.0,19530000.0,0.013676395289298515,605081
2021-10-14,34.83,34.98,34.62,34.91,170400.0,5929929.0,19530000.0,0.008725038402457757,605081
2021-10-15,34.91,34.98,34.26,34.32,275400.0,9516428.0,19530000.0,0.014101382488479263,605081
2021-10-18,34.34,34.49,33.86,34.41,160600.0,5488604.0,19530000.0,0.008223246287762416,605081
2021-10-19,34.12,34.75,34.12,34.4,157300.0,5410308.0,19530000.0,0.008054275473630312,605081
2021-10-20,34.22,34.56,33.91,34.04,219000.0,7476154.0,19530000.0,0.011213517665130568,605081
2021-10-21,34.04,34.04,33.85,33.86,245700.0,8326744.0,19530000.0,0.012580645161290323,605081
2021-10-22,33.87,34.13,33.51,33.55,288100.0,9716474.0,19530000.0,0.014751664106502816,605081
2021-10-25,33.44,33.6,33.33,33.44,202700.0,6770545.0,19530000.0,0.010378904249871992,605081
2021-10-26,33.0,33.08,32.35,32.47,561600.0,18272776.0,19530000.0,0.028755760368663594,605081
2021-10-27,32.5,32.5,31.1,31.38,548639.0,17312669.0,19530000.0,0.028092114695340502,605081
2021-10-28,31.2,31.37,30.41,30.46,398600.0,12253175.0,19530000.0,0.02040962621607783,605081
2021-10-29,30.53,30.85,30.46,30.78,253846.0,7792832.0,19530000.0,0.012997747055811571,605081
2021-11-01,30.78,31.15,30.53,31.02,228646.0,7063648.0,19530000.0,0.01170742447516641,605081
2021-11-02,31.01,31.1,30.42,30.49,243800.0,7484774.0,19530000.0,0.012483358934971838,605081
2021-11-03,30.45,30.9,30.38,30.67,148900.0,4568499.0,19530000.0,0.007624167946748592,605081
2021-11-04,30.75,30.97,30.59,30.79,280700.0,8646908.0,19530000.0,0.014372759856630824,605081
2021-11-05,30.98,31.5,30.8,31.01,325205.0,10109802.0,19530000.0,0.016651561699948796,605081
2021-11-08,31.48,32.25,31.2,31.84,524300.0,16723026.0,19530000.0,0.026845878136200717,605081
2021-11-09,31.85,32.07,31.15,31.76,326700.0,10298968.0,19530000.0,0.01672811059907834,605081
2021-11-10,31.74,31.97,31.39,31.92,287800.0,9099438.0,19530000.0,0.014736303123399897,605081
2021-11-11,31.64,33.79,31.64,32.76,738746.0,24198227.0,19530000.0,0.03782621607782898,605081
2021-11-12,32.41,32.72,31.88,32.45,409846.0,13212322.0,19530000.0,0.020985458269329238,605081
2021-11-15,32.37,32.95,32.3,32.88,416900.0,13644990.0,19530000.0,0.021346646185355863,605081
2021-11-16,32.87,32.96,32.08,32.12,641700.0,20822845.0,19530000.0,0.032857142857142856,605081
2021-11-17,32.35,32.36,32.12,32.33,272800.0,8800485.0,19530000.0,0.013968253968253968,605081
2021-11-18,32.2,32.32,31.81,31.83,324300.0,10384798.0,19530000.0,0.016605222734254993,605081
2021-11-19,31.8,32.17,31.64,32.04,263007.0,8399234.0,19530000.0,0.013466820276497695,605081
2021-11-22,32.01,32.16,31.88,31.99,211200.0,6752024.0,19530000.0,0.010814132104454685,605081
2021-11-23,32.01,32.38,31.84,32.2,265900.0,8537223.0,19530000.0,0.013614951356886841,605081
2021-11-24,32.2,32.94,32.2,32.83,632700.0,20673315.0,19530000.0,0.0323963133640553,605081
2021-11-25,33.02,33.49,32.93,33.24,874000.0,29046796.0,19530000.0,0.04475166410650282,605081
2021-11-26,33.39,33.39,32.5,32.92,589600.0,19441698.0,19530000.0,0.030189452124935998,605081
2021-11-29,32.5,32.8,32.37,32.44,460300.0,14968416.0,19530000.0,0.023568868407578086,605081
2021-11-30,32.48,32.82,32.41,32.57,289200.0,9443438.0,19530000.0,0.014807987711213519,605081
2021-12-01,32.57,33.2,32.22,33.17,449400.0,14791570.0,19530000.0,0.023010752688172043,605081
2021-12-02,33.19,33.35,32.76,32.9,363800.0,12022361.0,19530000.0,0.018627752176139274,605081
2021-12-03,32.9,33.14,32.68,32.91,269500.0,8860290.0,19530000.0,0.013799283154121864,605081
2021-12-06,33.05,33.18,32.05,32.09,370700.0,12020301.0,19530000.0,0.0189810547875064,605081
2021-12-07,32.25,32.38,31.8,32.15,255700.0,8197244.0,19530000.0,0.013092677931387608,605081
2021-12-08,32.1,32.29,32.0,32.1,182400.0,5856319.0,19530000.0,0.0093394777265745,605081
2021-12-09,32.1,32.38,31.9,32.2,298500.0,9594218.0,19530000.0,0.015284178187403994,605081
2021-12-10,32.15,32.42,32.13,32.32,200600.0,6478082.0,19530000.0,0.010271377368151561,605081
2021-12-13,32.31,35.55,32.31,35.55,2144718.0,74472410.0,19530000.0,0.10981658986175115,605081
2021-12-14,35.37,35.37,34.49,34.54,2541231.0,88467739.0,19530000.0,0.13011935483870968,605081
2021-12-15,34.45,34.89,34.24,34.35,973600.0,33571650.0,19530000.0,0.04985151049667179,605081
2021-12-16,34.26,34.73,34.26,34.48,777500.0,26804469.0,19530000.0,0.039810547875064,605081
2021-12-17,34.4,34.82,33.88,34.61,907200.0,31235676.0,19530000.0,0.04645161290322581,605081
2021-12-20,34.64,35.08,34.2,34.98,1017444.0,35319615.0,19530000.0,0.05209646697388633,605081
2021-12-21,34.95,35.6,34.69,35.6,1340946.0,47243784.0,19530000.0,0.06866082949308756,605081
2021-12-22,35.83,35.98,34.58,34.68,1045418.0,36650363.0,19530000.0,0.053528827444956475,605081
2021-12-23,34.63,34.83,34.04,34.1,560146.0,19253916.0,19530000.0,0.028681310803891448,605081
2021-12-24,34.0,34.3,33.63,34.26,513646.0,17390157.0,19530000.0,0.02630035842293907,605081
2021-12-27,34.25,34.59,33.72,34.59,430300.0,14738992.0,19530000.0,0.022032770097286228,605081
2021-12-28,34.59,34.68,34.21,34.31,235900.0,8097999.0,19530000.0,0.012078853046594982,605081
2021-12-29,34.31,34.48,34.16,34.26,228800.0,7840999.0,19530000.0,0.011715309779825909,605081
2021-12-30,34.21,34.58,34.01,34.55,350900.0,12062512.0,19530000.0,0.017967229902713773,605081
2021-12-31,34.34,34.87,34.34,34.54,339300.0,11731609.0,19530000.0,0.01737327188940092,605081
2022-01-04,34.51,35.28,34.39,35.03,464520.0,16230225.0,19530000.0,0.023784946236559138,605081
2022-01-05,35.0,35.35,34.65,35.35,636446.0,22277311.0,19530000.0,0.032588120839733746,605081
2022-01-06,35.37,35.92,35.14,35.45,761900.0,27023116.0,19530000.0,0.039011776753712236,605081
2022-01-07,35.45,35.58,34.75,34.82,552100.0,19344535.0,19530000.0,0.02826932923707117,605081
2022-01-10,34.7,35.08,34.51,35.05,387500.0,13527673.0,19530000.0,0.01984126984126984,605081
2022-01-11,35.06,35.38,34.51,34.52,450400.0,15756497.0,19530000.0,0.023061955965181773,605081
2022-01-12,34.52,36.26,34.5,36.06,1573392.0,56285593.0,19530000.0,0.08056282642089094,605081
2022-01-13,35.87,36.06,35.45,35.5,729100.0,26040526.0,19530000.0,0.037332309267793136,605081
2022-01-14,35.5,35.75,34.39,34.4,912000.0,31856119.0,19530000.0,0.046697388632872504,605081
2022-01-17,34.43,35.42,34.43,35.03,503900.0,17613928.0,19530000.0,0.025801331285202254,605081
2022-01-18,35.35,35.35,34.51,34.68,515600.0,17887069.0,19530000.0,0.02640040962621608,605081
2022-01-19,34.64,35.3,34.3,35.0,398100.0,13857308.0,19530000.0,0.020384024577572966,605081
2022-01-20,35.29,35.29,33.7,33.76,563000.0,19330839.0,19530000.0,0.028827444956477214,605081
2022-01-21,34.0,34.29,32.95,33.42,343900.0,11475871.0,19530000.0,0.017608806963645675,605081
2022-01-24,33.42,33.75,32.71,32.81,236407.0,7801963.0,19530000.0,0.012104813108038915,605081
2022-01-25,32.82,32.93,30.82,31.23,490400.0,15595646.0,19530000.0,0.025110087045570918,605081
2022-01-26,31.02,31.61,31.02,31.3,205200.0,6435517.0,19530000.0,0.010506912442396314,605081
2022-01-27,31.2,31.35,30.26,30.42,342300.0,10487766.0,19530000.0,0.01752688172043011,605081
2022-01-28,30.6,31.26,30.37,30.9,226700.0,6978380.0,19530000.0,0.01160778289810548,605081
2022-02-07,31.1,32.0,31.1,31.4,235100.0,7418939.0,19530000.0,0.012037890424987199,605081
2022-02-08,31.55,32.13,31.35,32.08,301503.0,9624248.0,19530000.0,0.015437941628264208,605081
2022-02-09,31.0,32.56,30.9,31.45,2499107.0,78463655.0,58541026.0,0.04268983942987265,605081
2022-02-10,31.88,32.41,31.06,31.16,1950505.0,61439352.0,58541026.0,0.033318599506609266,605081
2022-02-11,30.98,30.98,30.26,30.28,1406500.0,42905101.0,58541026.0,0.02402588570962183,605081
2022-02-14,30.02,30.16,29.0,29.95,1422775.0,42313603.0,58541026.0,0.024303895869539422,605081
2022-02-15,30.0,30.0,29.22,29.37,1090236.0,32204680.0,58541026.0,0.01862345220939585,605081
2022-02-16,29.55,29.77,29.55,29.73,889275.0,26385376.0,58541026.0,0.015190628876234591,605081
2022-02-17,29.73,30.58,29.71,30.08,1636900.0,49520718.0,58541026.0,0.027961587144031266,605081
2022-02-18,29.72,30.44,29.63,30.24,841200.0,25253334.0,58541026.0,0.014369409924588612,605081
2022-02-21,30.18,30.4,30.01,30.3,871305.0,26359954.0,58541026.0,0.014883664662795627,605081
2022-02-22,30.09,30.21,29.71,29.86,660000.0,19744228.0,58541026.0,0.011274144733985358,605081
2022-02-23,30.0,30.3,29.81,30.23,673100.0,20272073.0,58541026.0,0.011497919424917492,605081
2022-02-24,30.01,30.28,29.11,29.31,980600.0,29109361.0,58541026.0,0.016750645948706126,605081
2022-02-25,29.44,29.95,29.43,29.55,523000.0,15541487.0,58541026.0,0.00893390559980961,605081
2022-02-28,29.56,29.65,29.03,29.46,496680.0,14548027.0,58541026.0,0.008484306373448255,605081
2022-03-01,29.47,29.85,29.47,29.8,461100.0,13674739.0,58541026.0,0.007876527480061589,605081
2022-03-02,29.51,30.17,29.51,30.12,487105.0,14590670.0,58541026.0,0.008320745864618088,605081
2022-03-03,30.18,30.33,30.0,30.04,357700.0,10758605.0,58541026.0,0.00611024480507055,605081
2022-03-04,29.98,30.14,29.7,29.79,490000.0,14644060.0,58541026.0,0.008370198363110343,605081
2022-03-07,29.6,29.8,29.08,29.19,752787.0,22064084.0,58541026.0,0.012859135745246419,605081
2022-03-08,29.12,29.25,28.38,28.43,743800.0,21423663.0,58541026.0,0.012705619474451986,605081
2022-03-09,28.5,28.63,27.13,27.87,716300.0,20032930.0,58541026.0,0.012235863443869262,605081
2022-03-10,28.3,28.86,28.15,28.19,453500.0,12914241.0,58541026.0,0.007746703995246001,605081
2022-03-11,28.08,28.39,27.38,28.39,462900.0,12889508.0,58541026.0,0.007907275147517913,605081
2022-03-14,28.03,28.22,27.67,27.72,358700.0,10022486.0,58541026.0,0.006127326842546285,605081
2022-03-15,27.67,27.7,26.45,26.45,533560.0,14490376.0,58541026.0,0.009114291915553376,605081
2022-03-16,26.63,26.99,26.12,26.8,801400.0,21351110.0,58541026.0,0.013689544833054344,605081
2022-03-17,26.89,27.44,26.8,26.88,820305.0,22189417.0,58541026.0,0.014012480751533121,605081
2022-03-18,26.8,27.24,26.66,27.14,693005.0,18737801.0,58541026.0,0.011837937380872006,605081
2022-03-21,27.23,27.85,27.01,27.8,856103.0,23466184.0,58541026.0,0.014623983529089496,605081
2022-03-22,27.52,27.81,27.32,27.65,623800.0,17199427.0,58541026.0,0.010655774977363738,605081
2022-03-23,27.86,27.94,27.59,27.74,406000.0,11254555.0,58541026.0,0.00693530721514857,605081
2022-03-24,27.69,27.7,27.2,27.3,397200.0,10846323.0,58541026.0,0.006784985285362098,605081
2022-03-25,27.21,27.57,27.21,27.26,376600.0,10320869.0,58541026.0,0.006433095313361949,605081
2022-03-28,27.49,27.49,26.52,26.97,593000.0,15921182.0,58541026.0,0.010129648223111088,605081
2022-03-29,27.3,27.3,26.52,26.56,629900.0,16822586.0,58541026.0,0.010759975405965724,605081
2022-03-30,26.8,26.82,26.42,26.67,1000800.0,26598806.0,58541026.0,0.01709570310571598,605081
2022-03-31,26.63,27.71,26.52,27.28,1312900.0,35567096.0,58541026.0,0.022427007001893,605081
2022-04-01,27.0,27.2,26.71,26.99,577800.0,15533859.0,58541026.0,0.00987000125347991,605081
2022-04-06,26.9,27.64,26.84,27.55,644204.0,17644758.0,58541026.0,0.011004316870018642,605081
2022-04-07,27.48,27.54,26.82,26.88,577300.0,15636466.0,58541026.0,0.009861460234742042,605081
2022-04-08,26.87,26.96,26.4,26.8,414800.0,11059363.0,58541026.0,0.007085629144935041,605081
2022-04-11,26.5,26.79,26.1,26.18,388500.0,10260684.0,58541026.0,0.0066363715593232,605081
2022-04-12,26.07,26.52,25.83,26.49,410000.0,10715257.0,58541026.0,0.007003635365051511,605081
2022-04-13,26.27,26.27,25.94,26.13,406400.0,10603680.0,58541026.0,0.006942140030138864,605081
2022-04-14,26.2,26.39,26.0,26.2,297300.0,7809544.0,58541026.0,0.005078489741536132,605081
2022-04-15,26.19,26.19,25.37,25.41,566000.0,14526926.0,58541026.0,0.009668433211266233,605081
2022-04-18,25.4,25.77,24.99,25.6,445300.0,11274604.0,58541026.0,0.007606631287944971,605081
2022-04-19,25.57,25.85,25.4,25.61,346800.0,8878699.0,58541026.0,0.005924050596585034,605081
2022-04-20,25.58,26.08,25.58,25.75,521000.0,13478105.0,58541026.0,0.008899741524858139,605081
2022-04-21,25.73,26.19,25.13,25.23,633200.0,16247299.0,58541026.0,0.01081634612963565,605081
2022-04-22,25.11,25.36,24.83,24.89,641700.0,16068181.0,58541026.0,0.010961543448179402,605081
2022-04-25,24.78,24.78,23.02,23.02,887103.0,21397409.0,58541026.0,0.015153526690837294,605081
2022-04-26,23.75,25.09,23.68,23.68,1722600.0,41744640.0,58541026.0,0.029425517755701788,605081
2022-04-27,23.6,24.27,23.3,24.16,796700.0,18883190.0,58541026.0,0.013609259256918388,605081
2022-04-28,24.0,24.2,23.24,23.39,580800.0,13754374.0,58541026.0,0.009921247365907116,605081
2022-04-29,23.74,24.54,23.56,24.2,818900.0,19730661.0,58541026.0,0.013988480488879714,605081
2022-05-05,24.32,24.67,23.93,24.54,629300.0,15352193.0,58541026.0,0.010749726183480282,605081
2022-05-06,24.1,24.57,24.0,24.28,421500.0,10219220.0,58541026.0,0.007200078796022468,605081
2022-05-09,24.41,24.97,24.21,24.8,539860.0,13355798.0,58541026.0,0.009221908751650508,605081
2022-05-10,24.72,25.02,24.57,25.0,551800.0,13749098.0,58541026.0,0.00942586827911079,605081
2022-05-11,25.08,25.8,25.04,25.14,837300.0,21318733.0,58541026.0,0.014302789978433244,605081
2022-05-12,25.14,25.51,24.88,25.38,566500.0,14303871.0,58541026.0,0.0096769742300041,605081
2022-05-13,25.38,25.61,25.2,25.39,318000.0,8069885.0,58541026.0,0.005432087917283855,605081
2022-05-16,25.39,25.61,25.03,25.11,400400.0,10107161.0,58541026.0,0.006839647805284451,605081
2022-05-17,25.1,25.2,24.73,25.02,311900.0,7779011.0,58541026.0,0.005327887488681869,605081
2022-05-18,25.25,25.5,24.91,25.31,443800.0,11243542.0,58541026.0,0.007581008231731367,605081
2022-05-19,25.11,25.45,24.92,25.45,504100.0,12741908.0,58541026.0,0.00861105509151821,605081
2022-05-20,25.43,25.7,25.34,25.67,449400.0,11503633.0,58541026.0,0.007676667641595486,605081
2022-05-23,25.67,25.88,25.5,25.71,433500.0,11140457.0,58541026.0,0.007405063245731293,605081
2022-05-24,25.71,25.73,24.54,24.55,628900.0,15792657.0,58541026.0,0.010742893368489988,605081
2022-05-25,24.42,25.15,24.42,25.1,343346.0,8563901.0,58541026.0,0.005865049239143844,605081
2022-05-26,25.95,26.15,25.39,25.6,640111.0,16434409.0,58541026.0,0.010934400090630458,605081
2022-05-27,25.6,25.98,25.45,25.94,520300.0,13412696.0,58541026.0,0.008887784098625125,605081
2022-05-30,26.0,26.77,25.69,26.69,870170.0,22897999.0,58541026.0,0.014864276550260666,605081
2022-05-31,26.69,26.81,26.07,26.66,823844.0,21790828.0,58541026.0,0.014072934082159748,605081
2022-06-01,17.5,17.82,17.42,17.69,797424.0,14064133.0,58541026.0,0.013621626652050819,605081
2022-06-02,17.56,17.56,17.18,17.45,1032910.0,17905466.0,84884488.0,0.012168418804623054,605081
2022-06-06,17.56,17.58,17.31,17.45,846870.0,14788465.0,84884488.0,0.009976734500654583,605081
2022-06-07,17.49,17.51,17.16,17.25,847620.0,14664166.0,84884488.0,0.009985570037248738,605081
2022-06-08,17.24,17.39,16.87,17.13,866036.0,14825404.0,84884488.0,0.010202523693139317,605081
2022-06-09,17.09,17.13,16.73,16.79,769070.0,12987376.0,84884488.0,0.009060194837954373,605081
2022-06-10,16.78,16.93,16.66,16.83,874600.0,14698400.0,84884488.0,0.010303413740329092,605081
2022-06-13,16.75,16.87,16.6,16.82,766609.0,12817103.0,84884488.0,0.009031202497210091,605081
2022-06-14,16.7,16.78,16.46,16.75,662810.0,11007597.0,84884488.0,0.007808376013294678,605081
2022-06-15,16.8,16.97,16.75,16.8,867575.0,14634929.0,84884488.0,0.01022065421423052,605081
2022-06-16,17.08,17.08,16.82,16.89,725305.0,12292846.0,84884488.0,0.008544611825896858,605081
2022-06-17,16.87,16.92,16.55,16.77,581930.0,9728386.0,84884488.0,0.006855551746981144,605081
2022-06-20,16.81,17.33,16.66,17.18,1094145.0,18713323.0,84884488.0,0.012889810915747056,605081
2022-06-21,17.17,17.31,17.07,17.2,576305.0,9907140.0,84884488.0,0.006789285222524991,605081
2022-06-22,17.19,17.29,17.01,17.07,838126.0,14368786.0,84884488.0,0.00987372392468221,605081
2022-06-23,17.17,17.17,16.88,17.17,450548.0,7691914.0,84884488.0,0.0053077777885636775,605081
2022-06-24,17.16,17.24,17.09,17.18,605947.0,10401088.0,84884488.0,0.007138489190156864,605081
2022-06-27,17.18,17.29,17.1,17.15,691615.0,11876527.0,84884488.0,0.008147719522087475,605081
2022-06-28,17.21,17.26,17.09,17.25,1102261.0,18925079.0,84884488.0,0.012985423202411257,605081
2022-06-29,17.3,17.3,17.04,17.05,818095.0,14036247.0,84884488.0,0.009637744413325555,605081
2022-06-30,17.1,17.25,17.1,17.12,583240.0,10015790.0,84884488.0,0.006870984484232266,605081
2022-07-01,17.16,17.46,17.11,17.34,981251.0,16982125.0,84884488.0,0.011559838824733206,605081
2022-07-04,17.33,17.4,17.17,17.24,609451.0,10518474.0,84884488.0,0.007179768817124749,605081
2022-07-05,17.21,17.31,17.0,17.13,720680.0,12349902.0,84884488.0,0.008490126016899578,605081
2022-07-06,17.05,17.12,16.78,16.9,703495.0,11906646.0,84884488.0,0.00828767442173887,605081
2022-07-07,16.89,17.07,16.89,16.91,503200.0,8544182.0,84884488.0,0.005928056018904184,605081
2022-07-08,16.91,17.16,16.9,17.02,732710.0,12510702.0,84884488.0,0.008631848023869803,605081
2022-07-11,17.13,17.16,16.92,16.96,546785.0,9305501.0,84884488.0,0.006441518502179102,605081
2022-07-12,16.9,17.03,16.6,16.66,681990.0,11448080.0,84884488.0,0.008034330135795836,605081
2022-07-13,16.8,17.04,16.6,17.02,840109.0,14195306.0,84884488.0,0.009897085083437153,605081
2022-07-14,17.01,17.08,16.88,16.99,603325.0,10250357.0,84884488.0,0.007107600154223702,605081
2022-07-15,16.99,17.07,16.57,16.58,867130.0,14517631.0,84884488.0,0.010215411795851321,605081
2022-07-18,16.6,17.45,16.6,17.24,2163115.0,37223843.0,84884488.0,0.02548304231981702,605081
2022-07-19,17.3,17.36,17.16,17.35,1214476.0,20988943.0,84884488.0,0.014307396187628534,605081
2022-07-20,17.35,17.43,17.21,17.32,747690.0,12907561.0,84884488.0,0.008808323141443699,605081
2022-07-21,17.56,17.56,17.21,17.3,969805.0,16810131.0,84884488.0,0.011424996755590963,605081
2022-07-22,17.31,17.68,17.14,17.36,1767765.0,30792940.0,84884488.0,0.020825536463152137,605081
2022-07-25,17.47,17.75,17.22,17.66,1610730.0,28335397.0,84884488.0,0.018975551811068237,605081
2022-07-26,17.66,18.05,17.24,18.0,1372395.0,24078703.0,84884488.0,0.016167794992178075,605081
2022-07-27,17.88,17.95,17.66,17.77,1175470.0,20941145.0,84884488.0,0.013847877600439788,605081
2022-07-28,17.85,17.86,17.58,17.66,1293720.0,22891304.0,84884488.0,0.015240947203451354,605081
2022-07-29,17.71,17.71,17.39,17.57,734325.0,12880365.0,84884488.0,0.00865087387933588,605081
2022-08-01,17.55,17.55,17.34,17.41,750985.0,13080520.0,84884488.0,0.008847140598880681,605081
2022-08-02,17.35,17.35,16.01,16.54,1775195.0,29692131.0,84884488.0,0.020913067179011553,605081
2022-08-03,16.75,17.28,16.64,16.7,983650.0,16666816.0,84884488.0,0.01158810076111904,605081
2022-08-04,16.72,16.98,16.65,16.85,589135.0,9895550.0,84884488.0,0.006940431801862315,605081
2022-08-05,16.86,16.97,16.72,16.93,552380.0,9296449.0,84884488.0,0.0065074316051714895,605081
2022-08-08,16.9,16.94,16.78,16.89,944155.0,15907162.0,84884488.0,0.011122821404070907,605081
2022-08-09,16.89,17.09,16.78,17.04,1584210.0,26883786.0,85409175.0,0.018548475617520016,605081
2022-08-10,17.04,17.88,16.88,17.65,3407706.0,59552774.0,85409175.0,0.03989859403278395,605081
2022-08-11,17.75,17.9,17.52,17.63,2004360.0,35501599.0,85409175.0,0.023467736340972736,605081
2022-08-12,17.85,17.87,17.56,17.78,1766285.0,31321241.0,85409175.0,0.02068027234778933,605081
2022-08-15,17.79,17.79,17.48,17.66,1107305.0,19494168.0,85409175.0,0.01296470783144785,605081
2022-08-16,17.68,17.76,17.61,17.76,1102965.0,19532427.0,85409175.0,0.012913893618572009,605081
2022-08-17,17.76,17.92,17.74,17.87,1602920.0,28585877.0,85409175.0,0.0187675387333972,605081
2022-08-18,17.9,18.27,17.83,18.14,1665545.0,30144812.0,85409175.0,0.01950077377518282,605081
2022-08-19,18.1,18.36,18.01,18.12,1744820.0,31770364.0,85409175.0,0.020428952744245568,605081
2022-08-22,18.03,18.3,18.03,18.26,1074545.0,19577617.0,85409175.0,0.012581142482643111,605081
2022-08-23,18.18,18.37,18.08,18.12,1022790.0,18613304.0,85409175.0,0.011975177139926711,605081
2022-08-24,18.09,18.44,17.84,17.89,1182215.0,21385107.0,85409175.0,0.013841779879035244,605081
2022-08-25,17.82,18.39,17.7,18.08,1586140.0,28627470.0,85409175.0,0.018571072721402588,605081
2022-08-26,18.0,18.27,17.84,18.02,1045530.0,18905982.0,85409175.0,0.012241424882045751,605081
2022-08-29,17.9,18.08,17.6,17.99,547455.0,9812777.0,85409175.0,0.006409791453904103,605081
2022-08-30,18.0,18.28,17.9,18.23,1201505.0,21787309.0,85409175.0,0.014067633834421184,605081
2022-08-31,18.14,18.19,17.5,17.72,1198890.0,21306370.0,85409175.0,0.014037016514911894,605081
2022-09-01,17.74,18.0,17.68,17.75,824065.0,14699840.0,85409175.0,0.009648436482380259,605081
2022-09-02,17.74,17.92,17.6,17.81,724305.0,12893102.0,85409175.0,0.008480412086874741,605081
2022-09-05,17.86,18.23,17.76,18.23,1113038.0,20150082.0,85409175.0,0.013031831767488681,605081
2022-09-06,18.24,18.43,18.14,18.38,1297175.0,23775402.0,85409175.0,0.015187771103046014,605081
2022-09-07,18.35,19.61,18.23,18.85,2921805.0,55032638.0,85409175.0,0.03420949798426223,605081
2022-09-08,18.81,19.18,18.6,18.88,2114234.0,39803975.0,85409175.0,0.02475417892749813,605081
2022-09-09,18.9,18.95,18.26,18.41,1599600.0,29512765.0,85409175.0,0.018728667031381582,605081
2022-09-13,18.37,18.51,18.25,18.3,1021520.0,18741540.0,85409175.0,0.011960307543071338,605081
2022-09-14,18.02,18.56,17.93,18.53,1427114.0,26137378.0,85409175.0,0.01670914161154232,605081
2022-09-15,18.59,18.72,18.35,18.55,1094214.0,20257116.0,85409175.0,0.012811433900397703,605081
2022-09-16,18.6,18.73,18.11,18.14,926280.0,17030932.0,85409175.0,0.010845204862358172,605081
2022-09-19,18.14,18.5,17.71,18.06,1869325.0,33879919.0,85409175.0,0.021886700111551246,605081
2022-09-20,18.06,18.2,17.61,17.9,603975.0,10863758.0,85409175.0,0.0070715470556881035,605081
2022-09-21,17.9,18.76,17.0,18.62,1572350.0,28564624.0,85409175.0,0.018409614657909995,605081
2022-09-22,18.5,18.83,18.43,18.7,1205151.0,22492851.0,85409175.0,0.014110322456574485,605081
2022-09-23,18.7,18.7,17.92,17.93,1192540.0,21775625.0,85409175.0,0.013962668530635028,605081
2022-09-26,17.81,18.05,17.46,17.66,667577.0,11809536.0,85409175.0,0.007816221149542774,605081
2022-09-27,17.59,18.07,17.59,18.07,539397.0,9639050.0,85409175.0,0.006315445618108359,605081
2022-09-28,17.93,18.18,17.78,17.78,498495.0,8972984.0,85409175.0,0.005836550932613504,605081
2022-09-29,17.8,18.09,17.46,17.73,1045769.0,18487420.0,85409175.0,0.012244223176257117,605081
2022-09-30,17.65,17.85,17.56,17.78,488030.0,8649191.0,85409175.0,0.005714023112856435,605081
2022-10-10,18.0,18.1,17.68,17.71,594477.0,10639762.0,85409175.0,0.006960341204560283,605081
2022-10-11,17.66,18.05,17.37,18.05,1152135.0,20494704.0,85409175.0,0.013489592892098536,605081
2022-10-12,17.72,17.82,17.17,17.65,1350513.0,23665356.0,85409175.0,0.01581227075428372,605081
2022-10-13,19.25,19.42,17.89,18.05,8022752.0,148546123.0,85409175.0,0.09393314008711594,605081
2022-10-14,17.51,17.98,17.51,17.82,4041950.0,71695316.0,85409175.0,0.0473245409524211,605081
2022-10-17,17.79,17.8,17.52,17.66,2583229.0,45581622.0,85409175.0,0.03024533371268368,605081
2022-10-18,17.78,17.78,17.37,17.39,2272085.0,39855532.0,85409175.0,0.02660235273318118,605081
2022-10-19,17.4,17.44,16.82,16.88,2276640.0,38705330.0,85409175.0,0.026655684240012856,605081
2022-10-20,16.76,16.94,16.6,16.68,1240785.0,20781426.0,85409175.0,0.014527537585979492,605081
2022-10-21,16.76,16.86,16.63,16.68,1062439.0,17802982.0,85409175.0,0.012439401270413864,605081
2022-10-24,16.72,16.82,16.2,16.23,1181628.0,19571125.0,85409175.0,0.013834907081118626,605081
2022-10-25,16.13,16.33,15.56,16.32,1242289.0,20008747.0,85409175.0,0.014545146935326327,605081
2022-10-26,16.32,16.63,16.27,16.53,1108854.0,18272428.0,85409175.0,0.012982844056273814,605081
2022-10-27,16.6,16.74,16.44,16.49,659375.0,10911487.0,85409175.0,0.007720189312213822,605081
2022-10-28,16.42,16.45,16.02,16.1,921670.0,14956886.0,85409175.0,0.010791229396607566,605081
2022-10-31,15.96,16.23,15.8,16.07,679182.0,10883994.0,85409175.0,0.007952096481437737,605081
2022-11-01,16.0,16.24,16.0,16.22,1005115.0,16201262.0,85409175.0,0.011768232160069454,605081
2022-11-02,16.18,16.33,16.13,16.3,989480.0,16072093.0,85409175.0,0.011585172201932638,605081
2022-11-03,16.18,16.36,16.13,16.3,538420.0,8745650.0,85409175.0,0.006304006566039304,605081
2022-11-04,16.32,16.64,16.31,16.58,1010275.0,16726999.0,85409175.0,0.011828647215009395,605081
2022-11-07,16.6,16.7,16.5,16.66,943090.0,15661950.0,85409175.0,0.011042022124672203,605081
2022-11-08,16.67,16.69,16.51,16.65,811735.0,13498101.0,85409175.0,0.009504072601099355,605081
2022-11-09,16.73,16.77,16.61,16.64,696830.0,11619296.0,85409175.0,0.008158725336007519,605081
2022-11-10,16.58,16.71,16.5,16.59,511365.0,8493338.0,85409175.0,0.0059872373196439375,605081
2022-11-11,16.91,16.93,16.6,16.6,958611.0,16063372.0,85409175.0,0.01122374733159523,605081
2022-11-14,16.65,16.82,16.58,16.67,754339.0,12583958.0,85409175.0,0.00883206048998834,605081
2022-11-15,16.73,16.9,16.73,16.89,828600.0,13961862.0,85409175.0,0.00970153382233232,605081
2022-11-16,16.88,17.09,16.82,16.98,807479.0,13698675.0,85409175.0,0.009454241889117884,605081
2022-11-17,16.92,17.09,16.81,17.08,764810.0,13025963.0,85409175.0,0.008954658559809295,605081
2022-11-18,17.08,17.15,16.96,17.06,761685.0,12986487.0,85409175.0,0.008918069984869893,605081
2022-11-21,16.92,17.06,16.91,16.94,565696.0,9586234.0,85409175.0,0.006623363356454385,605081
2022-11-22,16.99,17.08,16.73,16.82,815360.0,13784554.0,85409175.0,0.00954651534802906,605081
2022-11-23,16.78,16.78,16.46,16.62,1015208.0,16876841.0,85409175.0,0.011886404475865737,605081
2022-11-24,16.78,16.84,16.66,16.75,809194.0,13546018.0,85409175.0,0.009474321699044629,605081
2022-11-25,16.75,16.76,16.59,16.65,642505.0,10708351.0,85409175.0,0.0075226695492609545,605081
2022-11-28,16.64,16.66,16.37,16.51,519850.0,8594342.0,85409175.0,0.006086582618319402,605081
2022-11-29,16.51,16.85,16.43,16.83,951800.0,15904136.0,85409175.0,0.011144001800743304,605081
2022-11-30,16.82,16.86,16.73,16.77,525264.0,8819437.0,85409175.0,0.006149971592630417,605081
2022-12-01,16.87,16.94,16.78,16.86,761240.0,12840738.0,85409175.0,0.008912859771798521,605081
2022-12-02,16.82,17.03,16.8,16.99,825744.0,13995490.0,85409175.0,0.0096680947919237,605081
2022-12-05,17.01,17.14,16.97,17.08,753280.0,12841089.0,85409175.0,0.008819661353712876,605081
2022-12-06,17.01,17.14,17.01,17.04,673536.0,11492112.0,85409175.0,0.007885991171323221,605081
2022-12-07,17.01,17.1,16.9,16.93,677469.0,11516731.0,85409175.0,0.007932040088198955,605081
2022-12-08,17.03,17.03,16.86,16.91,604395.0,10209860.0,85409175.0,0.007076464560159959,605081
2022-12-09,16.88,17.04,16.78,17.03,899521.0,15188797.0,85409175.0,0.010531901285781065,605081
2022-12-12,16.91,16.99,16.72,16.8,934915.0,15738944.0,85409175.0,0.010946306412630728,605081
2022-12-13,16.71,16.75,16.58,16.69,1163781.0,19372010.0,85409175.0,0.013625948266096704,605081
2022-12-14,16.67,16.7,16.58,16.63,447521.0,7448293.0,85409175.0,0.00523972980654596,605081
2022-12-15,16.6,16.7,16.5,16.62,453830.0,7546248.0,85409175.0,0.005313597748719619,605081
2022-12-16,16.54,16.64,16.43,16.48,571539.0,9442894.0,85409175.0,0.006691775210333082,605081
2022-12-19,16.51,16.55,16.0,16.05,867330.0,14007211.0,85409175.0,0.010154997984701292,605081
2022-12-20,16.01,16.14,15.86,16.08,510310.0,8167007.0,85409175.0,0.005974885016744395,605081
2022-12-21,16.01,16.15,15.75,15.77,640426.0,10171158.0,85409175.0,0.007498327902125269,605081
2022-12-22,15.79,15.99,15.61,15.7,532616.0,8415766.0,85409175.0,0.006236051337575852,605081
2022-12-23,15.68,15.78,15.47,15.61,610785.0,9525122.0,85409175.0,0.007151280878196048,605081
2022-12-26,15.56,15.91,15.56,15.84,411390.0,6481244.0,85409175.0,0.004816695630182589,605081
2022-12-27,15.84,15.93,15.76,15.8,338870.0,5361216.0,85409175.0,0.00396760652470885,605081
2022-12-28,15.93,15.93,15.62,15.7,412140.0,6470268.0,85409175.0,0.004825476888168046,605081
2022-12-29,15.73,15.73,15.52,15.52,380685.0,5935475.0,85409175.0,0.004457190928258001,605081
2022-12-30,15.52,15.93,15.52,15.93,676099.0,10636927.0,85409175.0,0.00791599965694552,605081
2023-01-03,15.82,16.02,15.75,15.96,678109.0,10782032.0,85409175.0,0.007939533428346544,605081
2023-01-04,15.93,16.1,15.93,16.04,473926.0,7596022.0,85409175.0,0.005548888629353931,605081
2023-01-05,16.04,16.08,15.96,16.03,411211.0,6581743.0,85409175.0,0.00481459983661006,605081
2023-01-06,16.03,16.07,15.9,16.06,392110.0,6282195.0,85409175.0,0.004590958758236454,605081
2023-01-09,16.06,16.1,15.99,16.06,334320.0,5362683.0,85409175.0,0.00391433355959708,605081
2023-01-10,16.06,16.11,15.91,15.96,331090.0,5298610.0,85409175.0,0.003876515608539715,605081
2023-01-11,16.03,16.04,15.8,15.84,286885.0,4566928.0,85409175.0,0.00335894826287691,605081
2023-01-12,15.9,15.9,15.78,15.8,402340.0,6369926.0,85409175.0,0.004710735117158081,605081
2023-01-13,15.88,15.95,15.77,15.86,498225.0,7888108.0,85409175.0,0.00583338967973874,605081
2023-01-16,15.86,16.08,15.8,16.03,448490.0,7164664.0,85409175.0,0.0052510751918631695,605081
2023-01-17,16.02,16.06,15.92,15.96,275030.0,4392904.0,85409175.0,0.0032201458449867943,605081
2023-01-18,15.96,16.07,15.95,16.05,371838.0,5956196.0,85409175.0,0.004353607209061556,605081
2023-01-19,16.05,16.17,16.05,16.1,410535.0,6608861.0,85409175.0,0.004806684996079168,605081
2023-01-20,16.13,16.21,16.06,16.2,540790.0,8735953.0,85409175.0,0.006331755341273347,605081
2023-01-30,16.29,16.39,16.18,16.2,2274633.0,36941850.0,85409175.0,0.026632185593643776,605081
2023-01-31,15.96,16.2,15.89,16.07,1899455.0,30434831.0,85409175.0,0.022239472515686986,605081
2023-02-01,16.06,16.35,16.02,16.29,1513600.0,24467532.0,85409175.0,0.017721749449049237,605081
2023-02-02,16.35,16.4,16.26,16.36,1311030.0,21410389.0,85409175.0,0.015349990208897346,605081
2023-02-03,16.39,16.45,16.24,16.4,1097900.0,17946336.0,85409175.0,0.012854590856310227,605081
2023-02-06,16.44,16.63,16.35,16.59,1182720.0,19538457.0,85409175.0,0.013847692592745452,605081
2023-02-07,16.58,16.68,16.48,16.63,1377982.0,22851138.0,85409175.0,0.016133887255087055,605081
2023-02-08,16.51,16.89,16.51,16.66,1616870.0,27093151.0,85409175.0,0.018930870131926694,605081
2023-02-09,16.61,16.84,16.6,16.79,1177803.0,19741211.0,85409175.0,0.013790122665392798,605081
2023-02-10,16.81,16.97,16.71,16.91,1332355.0,22471379.0,85409175.0,0.015599670644283825,605081
2023-02-13,16.98,16.99,16.82,16.97,1071380.0,18110723.0,85409175.0,0.012544085573944486,605081
2023-02-14,16.99,17.05,16.87,16.89,715725.0,12104522.0,85409175.0,0.00837995449552112,605081
2023-02-15,16.9,16.93,16.7,16.75,1023910.0,17175503.0,85409175.0,0.011988290485184993,605081
2023-02-16,16.77,16.85,16.37,16.44,1375079.0,22874828.0,85409175.0,0.016099897932511348,605081
2023-02-17,16.44,16.63,16.4,16.46,1021675.0,16881337.0,85409175.0,0.011962122336388332,605081
2023-02-20,16.48,16.6,16.4,16.59,796605.0,13144900.0,85409175.0,0.009326925356672747,605081
2023-02-21,16.58,16.72,16.51,16.69,830984.0,13818799.0,85409175.0,0.00972944651438209,605081
2023-02-22,16.7,16.72,16.55,16.67,513990.0,8543990.0,85409175.0,0.006017971722593035,605081
2023-02-23,16.65,16.71,16.57,16.64,571120.0,9510902.0,85409175.0,0.006686869414205207,605081
2023-02-24,16.63,16.75,16.6,16.66,479405.0,7989790.0,85409175.0,0.005613038646023686,605081
2023-02-27,16.68,16.74,16.41,16.48,696780.0,11525881.0,85409175.0,0.00815813991880849,605081
2023-02-28,16.57,16.75,16.46,16.73,637730.0,10597950.0,85409175.0,0.007466762206753548,605081
2023-03-01,16.76,16.79,16.65,16.73,745285.0,12463566.0,85409175.0,0.008726053143587912,605081
2023-03-02,16.75,16.78,16.69,16.74,634870.0,10624895.0,85409175.0,0.007433276342969007,605081
2023-03-03,16.77,16.79,16.67,16.78,555435.0,9300436.0,85409175.0,0.00650322403886936,605081
2023-03-06,16.81,16.81,16.72,16.74,493910.0,8275312.0,85409175.0,0.005782868175462414,605081
2023-03-07,16.77,16.79,16.58,16.66,923791.0,15426898.0,85409175.0,0.010816062794190437,605081
2023-03-08,16.65,17.93,16.58,17.34,4199221.0,72572249.0,85409175.0,0.049165923918595394,605081
2023-03-09,17.29,18.06,17.05,18.0,6376259.0,111866099.0,85409175.0,0.07465543368145167,605081
2023-03-10,17.69,17.96,17.51,17.77,3381519.0,59855865.0,85409175.0,0.03959198762896375,605081
2023-03-13,17.77,18.28,17.56,18.0,3236875.0,58017289.0,85409175.0,0.03789844592223259,605081
2023-03-14,17.99,17.99,17.26,17.36,2545345.0,44628190.0,85409175.0,0.0298017748093223,605081
2023-03-15,17.47,17.57,17.27,17.36,1259120.0,21898826.0,85409175.0,0.014742210072863951,605081
2023-03-16,17.47,17.65,17.07,17.44,2034310.0,35421044.0,85409175.0,0.023818401243191963,605081
2023-03-17,17.54,17.54,17.27,17.36,1068460.0,18557981.0,85409175.0,0.012509897209521108,605081
2023-03-20,17.3,17.49,17.1,17.39,961284.0,16630178.0,85409175.0,0.011255043735055396,605081
2023-03-21,17.43,17.8,17.39,17.73,1663615.0,29396629.0,85409175.0,0.019478176671300244,605081
2023-03-22,17.74,17.82,17.53,17.75,1143190.0,20214777.0,85409175.0,0.013384861755191992,605081
2023-03-23,17.85,17.85,17.6,17.67,895855.0,15821910.0,85409175.0,0.010488978496748154,605081
2023-03-24,17.75,18.15,17.43,18.06,2695749.0,48164465.0,85409175.0,0.031562756577381765,605081
2023-03-27,18.06,18.24,17.95,18.13,1653162.0,29910261.0,85409175.0,0.01935578935167094,605081
2023-03-28,18.16,18.33,17.75,17.75,2261825.0,40698669.0,85409175.0,0.026482225123940138,605081
2023-03-29,17.88,18.12,17.51,18.1,2734682.0,48925432.0,85409175.0,0.0320185975335788,605081
2023-03-30,18.0,18.27,17.9,18.25,3558324.0,64529554.0,85409175.0,0.04166208138645526,605081
2023-03-31,18.14,18.95,18.14,18.85,4676774.0,87246410.0,85409175.0,0.05475727871156699,605081
2023-04-03,18.86,19.2,18.61,18.78,3872344.0,73184193.0,85409175.0,0.04533873556324599,605081
2023-04-04,18.75,18.99,18.61,18.85,2234577.0,42107351.0,85409175.0,0.026163196167156514,605081
2023-04-06,20.0,20.48,19.0,19.09,7092145.0,138654936.0,85409175.0,0.08303727322035367,605081
2023-04-07,19.15,19.95,18.97,19.6,5925690.0,116290574.0,85409175.0,0.06938001684245282,605081
2023-04-10,19.5,20.65,19.22,20.63,7850025.0,158129586.0,85409175.0,0.09191079295637734,605081
2023-04-11,20.4,21.58,20.24,21.39,9163149.0,193582802.0,85409175.0,0.10728530043757009,605081
2023-04-12,21.35,21.97,20.23,20.52,9446119.0,197308035.0,85409175.0,0.11059841053376292,605081
2023-04-13,20.1,20.47,19.54,20.14,6567044.0,131664269.0,85409175.0,0.07688921008779209,605081
2023-04-14,20.14,20.14,19.17,19.3,5459574.0,106322070.0,85409175.0,0.06392257037958744,605081
2023-04-17,19.38,19.52,19.02,19.27,2908344.0,56033591.0,85409175.0,0.03405189196593926,605081
2023-04-18,19.14,19.71,18.98,19.17,2853486.0,55144391.0,85409175.0,0.03340959563185103,605081
2023-04-19,19.06,19.47,18.98,19.2,2950880.0,56485776.0,85409175.0,0.03454991808549843,605081
2023-04-20,19.21,19.27,17.89,17.91,4208180.0,76942371.0,85409175.0,0.04927081897231767,605081
2023-04-21,17.91,18.21,17.2,17.24,3115845.0,55009777.0,85409175.0,0.03648138505025953,605081
2023-04-24,17.11,17.48,16.66,16.88,3221249.0,54699606.0,85409175.0,0.0377154913391916,605081
2023-04-25,16.81,17.22,16.11,16.41,3651467.0,60004292.0,85409175.0,0.04275263166984109,605081
2023-04-26,16.36,16.47,15.95,16.2,4048615.0,65472385.0,85409175.0,0.047402577065051854,605081
2023-04-27,16.02,16.72,16.02,16.42,2844214.0,46507726.0,85409175.0,0.033301035866462825,605081
2023-04-28,16.42,16.52,16.15,16.5,1989920.0,32489751.0,85409175.0,0.023298667853892747,605081
2023-05-04,16.4,16.74,16.39,16.69,1950420.0,32258164.0,85409175.0,0.022836188266658706,605081
2023-05-05,16.67,16.68,16.36,16.64,1431305.0,23635178.0,85409175.0,0.01675821128116505,605081
2023-05-08,16.62,16.75,16.5,16.68,1304995.0,21699977.0,85409175.0,0.015279330352974373,605081
2023-05-09,16.67,16.68,16.2,16.4,1279440.0,21032044.0,85409175.0,0.01498012362254992,605081
2023-05-10,16.3,16.86,16.3,16.61,1565390.0,25979709.0,85409175.0,0.01832812458380496,605081
2023-05-11,16.63,17.21,16.63,17.03,2156250.0,36696585.0,85409175.0,0.025246116708187383,605081
2023-05-12,16.93,17.18,16.9,16.98,1009070.0,17164573.0,85409175.0,0.01181453866051276,605081
2023-05-15,16.9,16.98,16.68,16.9,818665.0,13777872.0,85409175.0,0.009585211424884972,605081
2023-05-16,16.9,17.06,16.73,16.86,729110.0,12301027.0,85409175.0,0.008536670679701566,605081
2023-05-17,16.86,17.48,16.8,17.45,1731245.0,29853410.0,85409175.0,0.020270011974708808,605081
2023-05-18,17.58,17.58,17.1,17.42,1291725.0,22311106.0,85409175.0,0.015123960628351696,605081
2023-05-19,17.11,17.28,15.9,16.49,3591690.0,58918153.0,85409175.0,0.04205274199171225,605081
2023-05-22,16.45,16.64,16.24,16.53,1950995.0,32109941.0,85409175.0,0.022842920564447554,605081
2023-05-23,16.45,16.67,16.39,16.43,1187565.0,19632995.0,85409175.0,0.013904419519331501,605081
2023-05-24,16.46,16.63,16.35,16.54,980685.0,16210447.0,85409175.0,0.011482197316623186,605081
2023-05-25,16.56,16.6,16.3,16.53,918134.0,15090075.0,85409175.0,0.010749828692292135,605081
2023-05-26,16.58,16.98,16.44,16.62,1136820.0,18888137.0,85409175.0,0.013310279604035516,605081
2023-05-29,16.51,16.72,16.35,16.38,1082005.0,17870102.0,85409175.0,0.012668486728738453,605081
2023-05-30,16.34,16.52,16.21,16.32,1076180.0,17582774.0,85409175.0,0.012600285625051407,605081
2023-05-31,16.23,16.43,16.23,16.28,817630.0,13355876.0,85409175.0,0.009573093288865043,605081
2023-06-01,16.28,16.33,16.08,16.14,1308370.0,21162861.0,85409175.0,0.015318846013908927,605081
2023-06-02,16.21,16.36,16.1,16.27,1235675.0,20045258.0,85409175.0,0.014467707948238583,605081
2023-06-05,16.23,16.37,16.19,16.36,1224785.0,19945979.0,85409175.0,0.014340204082289754,605081
2023-06-06,16.35,16.37,15.91,15.95,1528850.0,24619040.0,85409175.0,0.01790030169475352,605081
2023-06-07,15.9,16.06,15.76,15.97,796870.0,12692228.0,85409175.0,0.009330028067827607,605081
2023-06-08,15.86,16.08,15.86,16.0,853595.0,13657307.0,85409175.0,0.009994183880127632,605081
2023-06-09,16.02,16.06,15.82,15.85,1193700.0,18965933.0,85409175.0,0.013976250209652534,605081
2023-06-12,15.85,15.89,15.4,15.63,2284255.0,35522218.0,85409175.0,0.026744843279425192,605081
2023-06-13,15.63,15.75,15.56,15.66,903515.0,14137404.0,85409175.0,0.010578664411639616,605081
2023-06-14,15.65,15.65,15.44,15.55,1254180.0,19474323.0,85409175.0,0.014684370853599745,605081
2023-06-15,15.53,15.56,15.36,15.44,1552845.0,23975721.0,85409175.0,0.018181243408568224,605081
2023-06-16,15.44,15.76,15.41,15.47,1891850.0,29440817.0,85409175.0,0.022150430559714458,605081
2023-06-19,15.55,15.84,15.43,15.66,2779305.0,43441196.0,85409175.0,0.0325410589670255,605081
2023-06-20,15.61,15.64,14.51,14.68,6407290.0,95497160.0,85409175.0,0.07501875530351394,605081
2023-06-21,14.6,15.04,14.53,14.75,3098540.0,45713886.0,85409175.0,0.036278772157675096,605081
2023-06-26,14.5,14.52,14.01,14.12,3307170.0,47051123.0,85409175.0,0.03872148396234948,605081
2023-06-27,14.13,14.47,14.1,14.37,3370245.0,48382789.0,85409175.0,0.03945998775892637,605081
2023-06-28,14.38,14.39,14.08,14.28,1667405.0,23742245.0,85409175.0,0.01952255129498675,605081
2023-06-29,14.27,14.7,14.23,14.65,1703400.0,24822056.0,85409175.0,0.01994399313656876,605081
2023-06-30,14.69,14.92,14.69,14.89,1388485.0,20567676.0,85409175.0,0.01625685999191539,605081
2023-07-03,15.06,15.22,14.9,15.11,1986705.0,29909615.0,85409175.0,0.02326102552799509,605081
2023-07-04,15.12,15.27,15.05,15.1,827675.0,12521036.0,85409175.0,0.009690703604150256,605081
2023-07-05,15.15,15.21,14.9,15.04,885990.0,13382773.0,85409175.0,0.01037347568337945,605081
2023-07-06,15.08,15.09,14.94,15.06,756435.0,11370876.0,85409175.0,0.008856601178971697,605081
2023-07-07,15.05,15.06,14.88,14.93,982910.0,14738093.0,85409175.0,0.011508248381980038,605081
2023-07-10,14.93,15.15,14.87,14.94,1215564.0,18165247.0,85409175.0,0.014232241442444562,605081
2023-07-11,14.99,15.33,14.89,15.27,1702879.0,25699729.0,85409175.0,0.019937893089354862,605081
2023-07-12,15.14,15.35,14.93,15.03,3173159.0,48099675.0,85409175.0,0.03715243707716413,605081
2023-07-13,13.97,14.5,13.53,13.55,10343534.0,141714659.0,85409175.0,0.12110565404712081,605081
2023-07-14,13.33,13.43,13.14,13.29,6490959.0,86091983.0,85409175.0,0.07599838073602748,605081
2023-07-17,13.17,13.47,12.93,13.41,5385733.0,71442126.0,85409175.0,0.06305801455171532,605081
2023-07-18,13.3,13.61,13.27,13.52,3371573.0,45351836.0,85409175.0,0.03947553643973262,605081
2023-07-19,13.47,14.22,13.47,14.05,5797604.0,80678444.0,85409175.0,0.06788034189535258,605081
2023-07-20,14.01,14.05,13.59,13.63,2666510.0,36711445.0,85409175.0,0.031220416307732746,605081
2023-07-21,13.57,13.82,13.5,13.69,1630315.0,22318295.0,85409175.0,0.019088288816745975,605081
2023-07-24,13.76,13.91,13.64,13.77,1574265.0,21630743.0,85409175.0,0.01843203613663286,605081
2023-07-25,13.87,14.28,13.78,14.26,2515125.0,35327015.0,85409175.0,0.02944794865422831,605081
2023-07-26,14.26,14.51,14.16,14.45,1898530.0,27388994.0,85409175.0,0.022228642297504923,605081
2023-07-27,14.5,14.57,14.31,14.37,1930320.0,27870170.0,85409175.0,0.02260085055264847,605081
2023-07-28,14.5,14.55,14.12,14.19,1676780.0,23831026.0,85409175.0,0.019632317019804956,605081
2023-07-31,14.12,14.29,14.12,14.26,1870045.0,26555953.0,85409175.0,0.021895130119217284,605081
2023-08-01,14.15,14.28,14.14,14.24,1463055.0,20786514.0,85409175.0,0.017129951202549374,605081
2023-08-02,14.16,14.3,14.09,14.17,1269540.0,18009645.0,85409175.0,0.014864211017141894,605081
2023-08-03,14.22,14.22,13.99,14.02,1177050.0,16535423.0,85409175.0,0.013781306282375401,605081
2023-08-04,14.05,14.13,13.85,13.86,1505670.0,21059034.0,85409175.0,0.017628902281283013,605081
2023-08-07,13.88,13.92,13.75,13.85,984650.0,13622115.0,85409175.0,0.011528620900506298,605081
2023-08-08,13.81,13.93,13.75,13.76,1122095.0,15521017.0,85409175.0,0.013137874238921052,605081
2023-08-09,13.75,13.85,13.58,13.61,964675.0,13212420.0,85409175.0,0.01129474672949364,605081
2023-08-10,13.65,13.82,13.57,13.81,928250.0,12726088.0,85409175.0,0.01086827029999997,605081
2023-08-11,13.85,13.9,13.57,13.58,1227875.0,16866621.0,85409175.0,0.014376382865189835,605081
2023-08-14,13.59,13.77,13.46,13.68,1503490.0,20420433.0,85409175.0,0.017603378091405286,605081
2023-08-15,13.69,13.74,13.56,13.73,1132270.0,15472149.0,85409175.0,0.013257006638923746,605081
2023-08-16,13.68,13.73,13.56,13.57,998925.0,13617472.0,85409175.0,0.011695757510829486,605081
2023-08-17,13.57,13.82,13.36,13.77,1768525.0,24116155.0,85409175.0,0.020706499038305896,605081
2023-08-18,13.78,14.39,13.77,14.15,3391840.0,47957590.0,85409175.0,0.03971282944718761,605081
2023-08-21,14.18,15.57,14.16,15.57,13890546.0,210711247.0,85409175.0,0.16263529064646742,605081
2023-08-22,15.7,16.46,14.84,16.06,22143350.0,343072021.0,85409175.0,0.25926195868301033,605081
2023-08-23,15.32,16.07,15.2,15.76,14670242.0,229786124.0,85409175.0,0.17176423961477208,605081
2023-08-24,15.35,17.3,14.7,16.58,20412145.0,323808226.0,85409175.0,0.23899241504206076,605081
2023-08-25,15.96,17.4,15.75,16.31,19812050.0,330979225.0,85409175.0,0.23196629636101743,605081
2023-08-28,16.44,17.3,15.5,17.02,17788437.0,294852111.0,85409175.0,0.20827313927338603,605081
2023-08-29,16.5,16.68,15.82,16.34,12874067.0,208840041.0,85409175.0,0.15073400486540234,605081
2023-08-30,15.98,16.17,15.26,15.29,10274710.0,160179388.0,85409175.0,0.12029983898099941,605081
2023-08-31,15.2,15.64,14.79,15.56,8398133.0,127953089.0,85409175.0,0.09832822995890078,605081
2023-09-01,15.45,15.47,14.89,14.91,5874587.0,88227951.0,85409175.0,0.06878168534001178,605081
2023-09-04,14.87,15.35,14.76,15.13,4930766.0,74460640.0,85409175.0,0.057731104415889745,605081
2023-09-05,15.13,15.65,14.93,15.62,6809166.0,104099572.0,85409175.0,0.07972405774906502,605081
2023-09-06,15.46,15.54,15.19,15.25,5275800.0,80766256.0,85409175.0,0.061770881172895066,605081
2023-09-07,15.12,15.16,14.49,14.5,5164890.0,76687804.0,85409175.0,0.060472308742005765,605081
2023-09-08,14.43,14.58,14.09,14.2,4041040.0,57534697.0,85409175.0,0.04731388635939874,605081
2023-09-11,14.27,14.34,14.05,14.28,2567075.0,36502429.0,85409175.0,0.030056197124020925,605081
2023-09-12,14.3,14.37,14.16,14.27,2127180.0,30375034.0,85409175.0,0.024905755148671088,605081
2023-09-13,14.27,14.74,14.11,14.65,4959540.0,72002029.0,85409175.0,0.05806800030558778,605081
2023-09-14,14.55,14.58,14.21,14.31,2931200.0,42046006.0,85409175.0,0.034319497875960045,605081
2023-09-15,14.44,14.46,14.12,14.15,2486670.0,35431193.0,85409175.0,0.02911478772626009,605081
2023-09-18,14.11,14.5,13.87,14.4,3109145.0,44496184.0,85409175.0,0.03640293914558945,605081
2023-09-19,14.38,14.48,14.15,14.2,1591570.0,22750587.0,85409175.0,0.018634649029217295,605081
2023-09-20,14.2,14.36,14.02,14.02,1369665.0,19406557.0,85409175.0,0.016036508958200333,605081
2023-09-21,14.04,14.18,13.84,13.84,1832555.0,25629044.0,85409175.0,0.02145618430338427,605081
2023-09-22,13.84,14.13,13.8,14.11,1753950.0,24521897.0,85409175.0,0.020535849924788525,605081
2023-09-25,14.11,14.17,13.85,14.08,1659070.0,23296691.0,85409175.0,0.01942496224790838,605081
2023-09-26,14.1,14.28,13.92,14.13,1998535.0,28230460.0,85409175.0,0.02339953523728569,605081
2023-09-27,14.08,14.26,14.01,14.09,1441305.0,20409178.0,85409175.0,0.016875294720971136,605081
2023-09-28,14.17,14.37,14.12,14.37,1916632.0,27335458.0,85409175.0,0.0224405867402419,605081
2023-10-09,14.36,14.4,13.99,14.11,2406550.0,34069658.0,85409175.0,0.028176715206533726,605081
2023-10-10,14.09,14.19,13.77,13.83,2249450.0,31361268.0,85409175.0,0.026337334367180106,605081
2023-10-11,13.83,13.94,13.76,13.92,1519535.0,21052253.0,85409175.0,0.01779123847057415,605081
2023-10-12,13.96,13.98,13.6,13.76,2150935.0,29591557.0,85409175.0,0.025183886859930445,605081
2023-10-13,13.7,13.76,13.48,13.54,1974885.0,26802672.0,85409175.0,0.023122632902144294,605081
2023-10-16,13.54,13.57,13.35,13.37,1614020.0,21646034.0,85409175.0,0.01889750135158196,605081
2023-10-17,13.4,13.42,13.25,13.34,1448840.0,19268857.0,85409175.0,0.016963517092865022,605081
2023-10-18,13.34,13.36,12.93,12.98,1616005.0,21121373.0,85409175.0,0.018920742414383466,605081
2023-10-19,12.96,13.27,12.88,13.13,1931110.0,25389717.0,85409175.0,0.02261010014439315,605081
2023-10-20,13.07,13.22,13.01,13.01,1044910.0,13687832.0,85409175.0,0.012234165708777774,605081
2023-10-23,13.02,13.07,12.58,12.66,1632770.0,20835896.0,85409175.0,0.019117032801218372,605081
2023-10-24,12.65,13.25,12.65,13.19,2037650.0,26617996.0,85409175.0,0.023857507112087197,605081
2023-10-25,13.23,13.68,13.23,13.64,2549755.0,34560077.0,85409175.0,0.029853408606276784,605081
2023-10-26,13.56,13.66,13.36,13.61,1811942.0,24470208.0,85409175.0,0.02121484020891198,605081
2023-10-27,13.61,13.72,13.55,13.69,1483700.0,20237095.0,85409175.0,0.01737166996402904,605081
2023-10-30,13.55,13.9,13.49,13.87,1693070.0,23339232.0,85409175.0,0.01982304594324907,605081
2023-10-31,13.85,13.94,13.76,13.85,1407935.0,19462919.0,85409175.0,0.016484587282338228,605081
2023-11-01,13.87,13.98,13.78,13.98,1080285.0,15038372.0,85409175.0,0.012648348377091806,605081
2023-11-02,13.98,14.01,13.79,13.82,1157715.0,16065093.0,85409175.0,0.013554925451510333,605081
2023-11-03,13.82,14.14,13.78,13.95,1560105.0,21892771.0,85409175.0,0.018266245985867444,605081
2023-11-06,14.08,14.18,14.0,14.12,1489320.0,20973874.0,85409175.0,0.01743747085720006,605081
2023-11-07,14.09,14.1,13.94,13.99,1672000.0,23436160.0,85409175.0,0.01957635113557765,605081
2023-11-08,14.01,14.08,13.88,13.93,1446790.0,20159239.0,85409175.0,0.016939514987704775,605081
2023-11-09,13.89,14.14,13.87,13.94,1522970.0,21314140.0,85409175.0,0.01783145663214754,605081
2023-11-10,13.93,14.02,13.79,13.95,1069305.0,14867977.0,85409175.0,0.012519790760184722,605081
2023-11-13,14.06,14.15,14.0,14.14,1437415.0,20247103.0,85409175.0,0.016829749262886568,605081
2023-11-14,14.15,14.17,13.94,14.03,1163920.0,16311961.0,85409175.0,0.013627575725910009,605081
2023-11-15,14.12,14.19,13.99,14.04,1060240.0,14913198.0,85409175.0,0.012413654622000505,605081
2023-11-16,14.08,14.1,13.95,13.99,1012560.0,14205656.0,85409175.0,0.011855400781005086,605081
2023-11-17,13.99,14.16,13.96,14.1,1346405.0,18968845.0,85409175.0,0.015764172877211376,605081
2023-11-20,14.16,14.43,14.07,14.37,2190800.0,31272733.0,85409175.0,0.02565063999271741,605081
2023-11-21,14.44,14.46,14.26,14.3,1376540.0,19743724.0,85409175.0,0.01611700382306702,605081
2023-11-22,14.28,14.35,14.15,14.18,1495290.0,21279877.0,85409175.0,0.017507369670764293,605081
2023-11-23,14.2,14.37,14.09,14.33,1269450.0,18086839.0,85409175.0,0.01486315726618364,605081
2023-11-24,14.25,14.34,13.92,13.94,1612650.0,22661191.0,85409175.0,0.018881460920328524,605081
2023-11-27,13.95,14.1,13.83,14.02,1999475.0,27873621.0,85409175.0,0.023410541080627463,605081
2023-11-28,14.01,14.38,13.78,14.33,2958590.0,42151884.0,85409175.0,0.03464018941758892,605081
2023-11-29,14.3,14.4,14.18,14.35,2069540.0,29606926.0,85409175.0,0.024230886201628807,605081
2023-11-30,14.23,14.33,14.05,14.25,2004865.0,28426795.0,85409175.0,0.02347364905468294,605081
2023-12-01,14.3,14.4,14.17,14.33,2121540.0,30349881.0,85409175.0,0.024839720088620454,605081
2023-12-04,14.33,14.66,14.32,14.53,2344940.0,34082144.0,85409175.0,0.027455364133888428,605081
2023-12-05,14.53,14.59,14.3,14.4,1440160.0,20780141.0,85409175.0,0.01686188866711334,605081
2023-12-06,14.23,14.6,14.23,14.47,1457475.0,21137107.0,85409175.0,0.017064618643137578,605081
2023-12-07,14.42,14.47,14.23,14.33,1575115.0,22546320.0,85409175.0,0.018441988229016378,605081
2023-12-08,14.34,14.48,13.64,13.67,2682250.0,37422936.0,85409175.0,0.031404705641987524,605081
2023-12-11,13.52,13.77,13.39,13.71,3142405.0,42671915.0,85409175.0,0.03679235866638449,605081
2023-12-12,13.73,13.98,13.58,13.9,2001395.0,27573376.0,85409175.0,0.02343302110107023,605081
2023-12-13,13.95,14.05,13.84,13.89,1073475.0,14962056.0,85409175.0,0.01256861455458386,605081
2023-12-14,13.89,14.21,13.82,14.13,1808580.0,25476471.0,85409175.0,0.021175476756449176,605081
2023-12-15,14.14,14.23,13.96,14.16,1456565.0,20550859.0,85409175.0,0.017053964050115226,605081
2023-12-18,14.27,14.29,13.88,13.93,1822165.0,25671836.0,85409175.0,0.021334534609425745,605081
2023-12-19,13.91,14.0,13.65,13.81,1355890.0,18704501.0,85409175.0,0.01587522651986745,605081
2023-12-20,13.8,14.07,13.7,13.78,1478470.0,20511650.0,85409175.0,0.01731043532501046,605081
2023-12-21,13.78,13.89,13.46,13.87,1591430.0,21808311.0,85409175.0,0.01863300986106001,605081
2023-12-22,13.83,13.9,13.46,13.47,1538050.0,20951533.0,85409175.0,0.01800801845937512,605081
2023-12-25,13.49,13.49,13.13,13.29,1553140.0,20564458.0,85409175.0,0.018184697370042503,605081
2023-12-26,13.29,14.34,13.13,13.62,6668955.0,92051193.0,85409175.0,0.0780824191311999,605081
2023-12-27,13.4,13.63,13.2,13.44,5085485.0,68372886.0,85409175.0,0.059542607688225536,605081
2023-12-28,13.44,13.79,13.2,13.73,3581455.0,48419458.0,85409175.0,0.04193290709107072,605081
2023-12-29,13.78,13.94,13.61,13.88,2586910.0,35555109.0,85409175.0,0.030288432126876298,605081
2024-01-02,13.99,14.21,13.91,14.14,2778750.0,39259184.0,85409175.0,0.032534560836116264,605081
2024-01-03,14.15,14.24,14.03,14.19,1827870.0,25848428.0,85409175.0,0.021401330711835115,605081
2024-01-04,14.22,14.24,14.08,14.16,1275515.0,18047120.0,85409175.0,0.01493416837242603,605081
2024-01-05,14.16,14.21,13.8,13.84,1802630.0,25142863.0,85409175.0,0.021105812109764553,605081
2024-01-08,13.93,14.04,13.68,13.68,1618865.0,22424234.0,85409175.0,0.018954228278168006,605081
2024-01-09,13.65,14.05,13.65,13.98,1899795.0,26443454.0,85409175.0,0.022243453352640392,605081
2024-01-10,13.98,14.3,13.7,14.06,2277425.0,31962910.0,85409175.0,0.026664875290037634,605081
2024-01-11,14.05,15.47,13.96,15.47,7415710.0,111096046.0,85409175.0,0.0868256835404393,605081
2024-01-12,17.02,17.02,14.98,15.46,21034720.0,341117556.0,85409175.0,0.2462817372957882,605081
2024-01-15,14.71,15.08,14.42,14.99,17002775.0,250453372.0,85409175.0,0.19907433832489307,605081
2024-01-16,14.9,14.99,14.25,14.59,10293700.0,149780563.0,85409175.0,0.12052218043319117,605081
2024-01-17,14.56,14.59,13.75,13.75,8661532.0,121841909.0,85409175.0,0.10141219605504911,605081
2024-01-18,13.6,13.95,13.15,13.44,7335240.0,98883508.0,85409175.0,0.08588351310031972,605081
2024-01-19,13.43,13.52,13.02,13.11,5792500.0,76431941.0,85409175.0,0.06782058250767554,605081
2024-01-22,13.08,13.15,12.51,12.68,5243870.0,67009165.0,85409175.0,0.06139703374959423,605081
2024-01-23,12.54,12.97,12.42,12.67,3634770.0,45942161.0,85409175.0,0.04255713745039687,605081
2024-01-24,12.62,12.85,12.42,12.71,4386035.0,55347149.0,85409175.0,0.05135320649098882,605081
2024-01-25,12.7,13.15,12.64,13.13,6136240.0,79192247.0,85409175.0,0.07184520866756997,605081
2024-01-26,13.11,13.36,12.95,13.05,4944595.0,65105322.0,85409175.0,0.057893019104797584,605081
2024-01-29,13.06,13.1,12.42,12.43,3906270.0,49588724.0,85409175.0,0.04573595284113211,605081
2024-01-30,12.42,12.42,11.77,11.77,3263090.0,39219740.0,85409175.0,0.03820538015968425,605081
2024-01-31,11.5,11.7,11.08,11.13,4810690.0,54364269.0,85409175.0,0.05632521330407418,605081
2024-02-01,11.05,11.2,10.8,11.05,4376285.0,48176426.0,85409175.0,0.05123905013717789,605081
2024-02-02,11.0,11.23,10.15,10.48,4136530.0,44032745.0,85409175.0,0.04843191612610706,605081
2024-02-05,10.25,10.27,9.43,9.43,4024050.0,38502417.0,85409175.0,0.0471149615951682,605081
2024-02-06,8.81,9.15,8.49,8.58,5293150.0,45601547.0,85409175.0,0.06197402094095863,605081
2024-02-07,8.6,8.69,7.96,8.51,5174870.0,42932875.0,85409175.0,0.06058915801493223,605081
2024-02-08,8.52,9.07,8.32,9.01,3772508.0,32864197.0,85409175.0,0.04416982133359794,605081
2024-02-19,9.01,9.53,9.01,9.4,3061599.0,28532657.0,86578293.0,0.03536220100805175,605081
2024-02-20,9.42,9.73,9.27,9.6,2131380.0,20345999.0,86578293.0,0.024617948981738413,605081
2024-02-21,9.58,10.12,9.45,9.9,2392595.0,23659402.0,86578293.0,0.02763504473344144,605081
2024-02-22,9.89,10.26,9.8,10.25,2289475.0,22976076.0,86578293.0,0.02644398405960718,605081
2024-02-23,10.3,10.59,10.18,10.59,1913199.0,19838679.0,86578293.0,0.02209790622691071,605081
2024-02-26,10.63,10.96,10.41,10.75,2395780.0,25668957.0,86578293.0,0.027671832245526023,605081
2024-02-27,10.77,10.97,10.65,10.97,1369490.0,14888824.0,86578293.0,0.01581793718201397,605081
2024-02-28,10.97,11.35,9.87,9.87,4095125.0,43326534.0,86578293.0,0.04729967360294341,605081
2024-02-29,9.68,10.19,9.48,10.13,2910225.0,29036427.0,86578293.0,0.03361379508833698,605081
2024-03-01,10.16,10.25,9.9,10.11,1878565.0,18954541.0,86578293.0,0.02169787523992879,605081
2024-03-04,10.12,10.23,9.8,10.05,2143740.0,21478927.0,86578293.0,0.024760709939152994,605081
2024-03-05,10.0,10.0,9.65,9.68,1825726.0,17833211.0,86578293.0,0.02108757214698146,605081
2024-03-06,9.65,10.05,9.58,9.89,2484960.0,24388496.0,86578293.0,0.028701882583894327,605081
2024-03-07,9.97,10.88,9.96,10.44,12816638.0,136414265.0,86578293.0,0.1480352355757349,605081
2024-03-08,10.13,10.27,9.62,9.83,11239114.0,110862189.0,86578293.0,0.1298144559167966,605081
2024-03-11,9.72,9.92,9.71,9.92,4793470.0,47002885.0,86578293.0,0.05536572544806352,605081
2024-03-12,9.96,10.4,9.84,10.31,6869960.0,69294224.0,86578293.0,0.07934968179610563,605081
2024-03-13,10.29,10.35,10.07,10.23,4311300.0,43929229.0,86578293.0,0.049796546577789425,605081
2024-03-14,10.2,11.25,10.17,10.81,14356815.0,156082260.0,86578293.0,0.16582464844854355,605081
2024-03-15,10.7,11.3,10.7,11.23,11672680.0,128994503.0,86578293.0,0.13482224695744463,605081
2024-03-18,11.19,12.3,11.05,12.0,10534745.0,121730423.0,86578293.0,0.12167882543029579,605081
2024-03-19,12.0,13.2,11.76,13.2,11790280.0,149581420.0,86578293.0,0.13618055509595228,605081
2024-03-20,13.44,13.54,12.59,12.99,11855540.0,155476547.0,86578293.0,0.13693432371090986,605081
2024-03-21,13.0,13.11,12.22,12.51,8080030.0,101742515.0,86578293.0,0.09332627983321408,605081
2024-03-22,12.44,12.45,11.78,11.83,7906910.0,95296239.0,86578293.0,0.09132670241026812,605081
2024-03-25,11.79,11.95,11.45,11.51,4235630.0,49577470.0,86578293.0,0.048922539971999676,605081
2024-03-26,11.58,11.72,11.38,11.57,3422719.0,39494951.0,86578293.0,0.03953322341432627,605081
2024-03-27,11.57,11.64,11.06,11.15,2688005.0,30529547.0,86578293.0,0.031047100917085534,605081
2024-03-28,11.17,11.66,11.16,11.49,4242435.0,48363514.0,86578293.0,0.04900113935025261,605081
2024-03-29,11.41,11.85,11.32,11.73,4185685.0,48850740.0,86578293.0,0.048345663271508486,605081
2024-04-01,11.7,12.3,11.43,12.28,5049425.0,60343788.0,86578293.0,0.058322066941190444,605081
2024-04-02,12.23,12.25,11.82,11.88,4030442.0,48405708.0,86578293.0,0.04655256947604638,605081
2024-04-03,11.88,12.42,11.65,12.2,5322565.0,64037858.0,86578293.0,0.06147689929622428,605081
2024-04-08,11.95,12.1,11.42,11.62,6144135.0,72074815.0,86578293.0,0.07096622937576282,605081
2024-04-09,11.88,12.19,11.6,11.7,3863795.0,45679628.0,86578293.0,0.04462775675191471,605081
2024-04-10,11.55,11.69,11.1,11.2,3031715.0,34308418.0,86578293.0,0.03501703365761669,605081
2024-04-11,11.22,11.8,11.12,11.52,3234415.0,37399500.0,86578293.0,0.03735826715825871,605081
2024-04-12,11.41,12.65,11.4,12.39,9512035.0,114555245.0,86578293.0,0.10986628022338117,605081
2024-04-15,12.1,12.2,11.15,11.15,6975715.0,81058217.0,86578293.0,0.08057117735042431,605081
2024-04-16,10.76,10.76,10.04,10.04,1490500.0,15069696.0,86578293.0,0.017215631636442637,605081
2024-04-17,10.0,10.87,9.63,10.55,4106965.0,42603688.0,86578293.0,0.04743642843593601,605081
2024-04-18,10.57,10.57,9.89,10.09,3389255.0,34348596.0,86578293.0,0.03914670620729378,605081
2024-04-19,10.21,10.36,9.71,9.74,3002590.0,29879151.0,86578293.0,0.03468063293878987,605081
2024-04-22,9.6,9.74,8.99,9.32,3291539.0,30543324.0,86578293.0,0.038018063026490946,605081
2024-04-23,9.31,10.05,9.3,9.84,2730019.0,26556799.0,86578293.0,0.03153237266990237,605081
2024-04-24,9.92,10.17,9.69,9.99,2304830.0,23093436.0,86578293.0,0.02662133798364447,605081
2024-04-25,10.17,10.17,9.9,9.99,1220929.0,12244424.0,86578293.0,0.014102022085374217,605081
2024-04-26,9.85,10.15,9.85,10.15,1516765.0,15233692.0,86578293.0,0.017518998670948617,605081
2024-04-29,10.14,10.65,10.03,10.59,3174758.0,32888154.0,86578293.0,0.036669214533947905,605081
2024-04-30,10.8,10.81,10.16,10.43,4577770.0,47342071.0,86578293.0,0.052874338836872196,605081
2024-05-06,10.48,10.88,10.46,10.75,3408015.0,36315886.0,86578293.0,0.03936338869605572,605081
2024-05-07,10.77,11.29,10.71,11.14,3162949.0,34694902.0,86578293.0,0.03653281775837276,605081
2024-05-08,11.14,11.48,11.13,11.26,3560370.0,40173214.0,86578293.0,0.041123125400497326,605081
2024-05-09,11.36,11.85,11.1,11.69,3765820.0,43752913.0,86578293.0,0.043496122059140156,605081
2024-05-10,11.69,11.8,11.23,11.35,2412439.0,27463509.0,86578293.0,0.027864247681575336,605081
2024-05-13,11.25,12.06,11.16,11.77,6357159.0,74599590.0,86578293.0,0.07342670754665953,605081
2024-05-14,11.67,12.95,11.67,12.95,12505860.0,158691124.0,86578293.0,0.14444567531494298,605081
2024-05-15,12.93,13.78,12.7,13.33,13579475.0,180408335.0,86578293.0,0.1568461854520509,605081
2024-05-16,13.29,13.58,12.38,12.45,13431740.0,174282165.0,86578293.0,0.15513981085305065,605081
2024-05-17,12.88,12.88,12.36,12.62,6661065.0,84033643.0,86578293.0,0.07693689456316724,605081
2024-05-20,12.7,13.03,12.58,12.92,5200345.0,66612148.0,86578293.0,0.060065229052275265,605081
2024-05-21,12.92,13.15,12.8,13.07,3921090.0,50899523.0,86578293.0,0.045289527711062635,605081
2024-05-22,12.98,13.59,12.96,13.4,4573005.0,61211400.0,86578293.0,0.05281930194673623,605081
2024-05-23,13.4,13.4,12.75,12.81,3694845.0,48000685.0,86578293.0,0.04267634382673726,605081
2024-05-24,12.9,13.03,12.46,12.46,3087890.0,39163927.0,86578293.0,0.035665868348778836,605081
2024-05-27,12.46,12.85,12.46,12.77,3013615.0,38214218.0,86578293.0,0.03480797432677496,605081
2024-05-28,12.79,13.15,12.44,12.44,2319394.0,29648838.0,86578293.0,0.026789555668416794,605081
2024-05-29,12.4,12.73,12.22,12.31,2180235.0,27111762.0,86578293.0,0.025182235921422012,605081
2024-05-30,12.38,12.7,12.25,12.56,2745999.0,34387968.0,86578293.0,0.031716945493485305,605081
2024-05-31,12.49,12.87,12.37,12.51,2673325.0,33887582.0,86578293.0,0.030877543404557537,605081
2024-06-03,12.51,12.6,11.26,11.76,6979370.0,81250036.0,86578293.0,0.08061339347496722,605081
2024-06-04,11.52,11.76,11.21,11.31,4129429.0,47097274.0,86578293.0,0.04769589301096523,605081
2024-06-05,11.31,11.35,10.96,11.06,2863945.0,31931892.0,86578293.0,0.03307925001478142,605081
2024-06-06,11.19,11.2,9.95,9.95,5265630.0,53850090.0,86578293.0,0.06081928642321465,605081
2024-06-07,10.0,10.54,9.95,10.5,4915919.0,50658579.0,86578293.0,0.05678004069680607,605081
2024-06-11,10.66,11.55,10.18,11.55,5041000.0,56275702.0,86578293.0,0.058224756175315216,605081
2024-06-12,11.55,12.12,11.5,12.0,8078924.0,96156676.0,86578293.0,0.09331350526857812,605081
2024-06-13,11.88,12.18,11.7,11.88,4884120.0,58217068.0,86578293.0,0.05641275463816317,605081
2024-06-14,12.05,12.65,11.82,12.16,5915985.0,73225604.0,86578293.0,0.06833104228562233,605081
2024-06-17,12.14,13.38,12.14,12.67,8446635.0,109046808.0,86578293.0,0.09756065530190114,605081
2024-06-18,12.65,12.88,12.36,12.69,3999570.0,50340823.0,86578293.0,0.046195990489209575,605081
2024-06-19,12.69,12.93,12.11,12.11,3791780.0,47430110.0,86578293.0,0.04379596627066787,605081
2024-06-20,12.64,12.66,11.64,11.66,3667925.0,43858172.0,86578293.0,0.04236541138550745,605081
2024-06-21,11.31,11.66,11.3,11.44,1869170.0,21429972.0,86578293.0,0.021589360741958726,605081
2024-06-24,11.38,11.56,10.79,11.03,3925050.0,43853777.0,86578293.0,0.04533526665858381,605081
2024-06-25,11.02,11.7,10.82,11.28,3812005.0,43018101.0,86578293.0,0.044029569859964784,605081
2024-06-26,11.2,11.41,11.06,11.3,3207905.0,36048992.0,86578293.0,0.03705207031513084,605081
2024-06-27,11.2,11.52,10.96,11.06,2939625.0,33050343.0,86578293.0,0.03395337212296389,605081
2024-06-28,11.08,11.77,10.96,11.69,4080729.0,46797821.0,86578293.0,0.047133396358368954,605081
2024-07-01,11.62,12.22,11.27,12.18,4929093.0,57693243.0,86578293.0,0.05693220354898889,605081
2024-07-02,12.1,12.64,12.01,12.3,5388645.0,66602577.0,86578293.0,0.062240139107385725,605081
2024-07-03,12.4,12.97,12.15,12.93,5865931.0,74619787.0,86578293.0,0.06775290660905038,605081
2024-07-04,12.92,12.99,12.49,12.56,4255620.0,54173835.0,86578293.0,0.04915342925506743,605081
2024-07-05,12.67,12.92,12.31,12.83,3253780.0,41378862.0,86578293.0,0.037581937541780824,605081
2024-07-08,12.91,13.26,12.75,13.05,4402590.0,57710980.0,86578293.0,0.05085096792102381,605081
2024-07-09,13.1,13.8,12.91,13.8,5485765.0,72821277.0,86578293.0,0.06336189834558184,605081
2024-07-10,13.59,14.38,13.46,14.22,7176305.0,101111573.0,86578293.0,0.08288803984620025,605081
2024-07-11,13.59,14.2,13.5,13.93,6536815.0,90270200.0,86578293.0,0.07550177733349397,605081
2024-07-12,13.91,14.13,13.78,13.92,3073045.0,42881239.0,86578293.0,0.03549440504677079,605081
2024-07-15,13.97,14.07,12.79,12.9,7747331.0,103889280.0,86578293.0,0.08948352677731819,605081
2024-07-16,12.99,13.14,11.9,13.02,7445130.0,93582814.0,86578293.0,0.08599303291877099,605081
2024-07-17,12.88,13.47,12.8,12.95,3988735.0,52404927.0,86578293.0,0.04607084364668636,605081
2024-07-18,12.8,12.94,12.34,12.63,2904650.0,36537366.0,86578293.0,0.03354940250438987,605081
2024-07-19,12.7,13.03,12.2,12.9,3817135.0,48348199.0,86578293.0,0.0440888225874354,605081
2024-07-22,12.8,13.48,12.8,13.27,3976645.0,52291582.0,86578293.0,0.045931201253875495,605081
2024-07-23,13.27,13.76,12.7,12.86,5738780.0,76322869.0,86578293.0,0.06628428213524608,605081
2024-07-24,13.12,14.15,13.12,14.15,7996865.0,111909801.0,86578293.0,0.09236570418407303,605081
2024-07-25,14.43,15.57,14.0,14.18,18249936.0,269266782.0,86578293.0,0.21079112751737897,605081
2024-07-26,13.9,15.08,13.9,14.86,12483835.0,180597475.0,86578293.0,0.14419128129495462,605081
2024-07-29,14.58,14.89,14.36,14.7,8586860.0,125462671.0,86578293.0,0.09918028760396096,605081
2024-07-30,14.75,16.12,14.6,15.72,9782023.0,150424298.0,86578293.0,0.11298470622422643,605081
2024-07-31,15.55,16.48,15.5,16.14,10133610.0,162224803.0,86578293.0,0.11704562019951122,605081
2024-08-01,16.1,16.44,14.53,14.81,14196871.0,216808273.0,86578293.0,0.16397725697825896,605081
2024-08-02,14.55,15.07,14.45,14.7,6019845.0,88846593.0,86578293.0,0.06953065013651863,605081
2024-08-05,14.56,14.59,13.23,13.23,9613540.0,129655693.0,86578293.0,0.1110386872607895,605081
2024-08-06,12.38,13.09,11.92,13.0,11656035.0,145214311.0,86578293.0,0.13462999322474514,605081
2024-08-07,12.7,14.01,12.7,13.77,8978699.0,121182248.0,86578293.0,0.10370612181046351,605081
2024-08-08,13.55,14.24,13.43,13.68,5360185.0,73903735.0,86578293.0,0.061911419297675456,605081
2024-08-09,13.9,14.18,13.62,14.07,4659875.0,64740498.0,113247072.0,0.04114786296638204,605081
2024-08-12,14.06,14.71,13.93,14.59,5174924.0,74598790.0,113247072.0,0.04569587459179519,605081
2024-08-13,14.52,14.52,13.51,13.71,6387845.0,88472033.0,113247072.0,0.05640627070693713,605081
2024-08-14,13.72,14.5,13.62,14.25,4683085.0,66098415.0,113247072.0,0.041352813077586675,605081
2024-08-15,14.25,14.78,13.75,14.17,6386514.0,91575545.0,113247072.0,0.056394517643687955,605081
2024-08-16,14.15,14.15,12.75,12.75,10638770.0,139550137.0,113247072.0,0.09394300278244722,605081
2024-08-19,11.84,12.68,11.84,12.39,6907950.0,84937063.0,113247072.0,0.06099892807824647,605081
2024-08-20,12.4,12.6,11.79,12.08,4543389.0,55236322.0,113247072.0,0.04011926242119531,605081
2024-08-21,12.08,12.28,11.91,12.25,3140930.0,37984377.0,113247072.0,0.027735198310469344,605081
2024-08-22,12.25,12.32,11.8,11.82,2920280.0,34915528.0,113247072.0,0.02578680356521712,605081
2024-08-23,11.87,11.96,10.64,10.77,7440900.0,81543280.0,113247072.0,0.06570501001562319,605081
2024-08-26,10.87,11.59,10.75,11.55,5237785.0,59111240.0,113247072.0,0.04625095296062048,605081
2024-08-27,11.56,11.88,10.92,11.22,4912535.0,55895893.0,113247072.0,0.043378914026139234,605081
2024-08-28,11.33,11.33,10.7,11.03,2811799.0,31152444.0,113247072.0,0.02482888917428258,605081
2024-08-29,11.11,11.11,10.8,10.9,2786255.0,30387880.0,113247072.0,0.0246033292587026,605081
2024-08-30,10.96,11.32,10.79,11.18,3763760.0,41936256.0,113247072.0,0.03323494315155451,605081
2024-09-02,11.12,11.14,10.67,10.68,2670390.0,29058984.0,113247072.0,0.023580212298998777,605081
2024-09-03,10.7,11.03,10.51,10.9,3053395.0,33040664.0,113247072.0,0.026962242343890358,605081
2024-09-04,10.91,10.92,10.48,10.58,2751710.0,29341362.0,113247072.0,0.024298288259496897,605081
2024-09-05,10.55,10.81,10.53,10.79,1956315.0,20979068.0,113247072.0,0.017274751262443235,605081
2024-09-06,10.89,10.89,10.18,10.3,4481845.0,46796898.0,113247072.0,0.03957581349211395,605081
2024-09-09,10.34,11.2,10.09,10.92,4653534.0,49269406.0,113247072.0,0.04109187034875392,605081
2024-09-10,11.13,11.29,10.55,10.87,4912308.0,53534511.0,113247072.0,0.0433769095593041,605081
2024-09-11,11.59,11.9,11.11,11.74,10844560.0,124472224.0,113247072.0,0.09576018000712637,605081
2024-09-12,11.35,11.75,11.16,11.3,6735676.0,77217103.0,113247072.0,0.059477705525137106,605081
2024-09-13,11.29,11.52,10.95,11.28,5157510.0,57872142.0,113247072.0,0.045542104611764264,605081
2024-09-18,11.22,11.23,10.5,10.75,4253383.0,45736428.0,113247072.0,0.03755843683093193,605081
2024-09-19,10.72,10.99,10.61,10.88,2768690.0,30071443.0,113247072.0,0.02444822591086505,605081
2024-09-20,10.78,10.97,10.49,10.59,4367554.0,46553341.0,113247072.0,0.038566595346500435,605081
2024-09-23,10.72,10.72,10.12,10.2,5310900.0,54685528.0,113247072.0,0.046896576716791406,605081
2024-09-24,10.28,10.65,10.16,10.6,4978645.0,51670054.0,113247072.0,0.043962681878433024,605081
2024-09-25,10.67,11.66,10.67,11.5,10037568.0,113692641.0,113247072.0,0.08863423859647337,605081
2024-09-26,11.49,11.75,11.32,11.66,8449424.0,97726935.0,113247072.0,0.07461052944485841,605081
2024-09-27,12.0,12.45,11.9,12.28,5354754.0,65474791.0,113247072.0,0.04728381851673834,605081
2024-09-30,12.5,13.39,11.97,13.13,10988396.0,139196990.0,113247072.0,0.09703028790007039,605081
2024-10-08,14.4,14.4,12.39,12.94,15303399.0,201945362.0,113247072.0,0.1351328447591122,605081
2024-10-09,12.78,12.78,11.65,11.65,9906062.0,119213869.0,113247072.0,0.08747300769065358,605081
2024-10-10,11.65,12.31,11.48,11.95,6155088.0,73916994.0,113247072.0,0.05435096812039432,605081
2024-10-11,11.99,12.03,11.38,11.55,4632289.0,54088072.0,113247072.0,0.040904271679536225,605081
2024-10-14,11.56,11.79,11.45,11.65,4822088.0,55875653.0,113247072.0,0.04258024437046814,605081
2024-10-15,11.56,11.64,11.37,11.4,3656450.0,41994232.0,113247072.0,0.032287368983809135,605081
2024-10-16,11.26,11.58,11.2,11.4,3335595.0,38194720.0,113247072.0,0.029454138999726192,605081
2024-10-17,11.39,11.62,11.08,11.11,4129870.0,46714741.0,113247072.0,0.03646778611635981,605081
2024-10-18,11.1,11.69,10.95,11.53,6735245.0,76444276.0,113247072.0,0.05947389968722547,605081
2024-10-21,11.48,12.33,11.4,11.99,7463970.0,88431313.0,113247072.0,0.06590872389177532,605081
2024-10-22,11.83,12.03,11.6,12.01,5414620.0,64005631.0,113247072.0,0.04781245028569039,605081
2024-10-23,11.98,12.47,11.85,12.12,6357758.0,77598923.0,113247072.0,0.05614059496390335,605081
2024-10-24,12.03,12.23,11.98,12.11,4143825.0,50129731.0,113247072.0,0.036591012260343475,605081
2024-10-25,12.21,13.32,12.15,13.32,14769735.0,190968823.0,113247072.0,0.1304204580229677,605081
2024-10-28,13.67,14.35,13.5,14.09,16987437.0,237765980.0,113247072.0,0.1500033219401911,605081
2024-10-29,14.3,14.9,13.7,14.15,15295399.0,218027077.0,113247072.0,0.1350622027561119,605081
2024-10-30,14.0,14.44,13.69,14.17,10337840.0,145461501.0,113247072.0,0.0912857155370869,605081
2024-10-31,14.1,14.56,14.01,14.28,7754308.0,110194693.0,113247072.0,0.06847248112516321,605081
2024-11-01,14.23,14.23,13.0,13.4,9137260.0,123236745.0,113247072.0,0.08068429354182331,605081
2024-11-04,13.45,13.93,12.9,13.72,6663889.0,90139864.0,113247072.0,0.05884380834146423,605081
2024-11-05,13.78,14.03,13.5,13.69,8342790.0,114964109.0,113247072.0,0.07366892452636656,605081
2024-11-06,13.69,13.87,13.39,13.74,6037835.0,82307648.0,113247072.0,0.05331559477316994,605081
2024-11-07,13.7,14.15,13.6,14.1,7331679.0,102233085.0,113247072.0,0.06474056123941112,605081
2024-11-08,14.26,14.39,13.98,14.06,7168590.0,101701670.0,113247072.0,0.06330044453599648,605081
2024-11-11,13.85,14.48,13.3,14.28,7346259.0,102607660.0,113247072.0,0.06486930628987918,605081
2024-11-12,14.28,14.58,13.82,14.05,7589154.0,107995848.0,113247072.0,0.06701412995472412,605081
2024-11-13,14.0,14.37,13.79,14.11,4319312.0,60605265.0,113247072.0,0.03814060640790783,605081
2024-11-14,14.0,14.14,13.64,13.78,4219800.0,58320456.0,113247072.0,0.037261890532587015,605081
2024-11-15,13.69,14.21,13.6,13.6,4514460.0,62545563.0,113247072.0,0.03986381210809583,605081
2024-11-18,13.63,13.66,12.77,12.97,6710754.0,87706431.0,113247072.0,0.0592576380252904,605081
2024-11-19,13.0,13.3,12.82,13.29,2843984.0,37171384.0,113247072.0,0.02511309078260319,605081
2024-11-20,13.21,13.75,13.21,13.64,2955425.0,40048131.0,113247072.0,0.026097142714647845,605081
2024-11-21,13.64,13.76,13.19,13.36,3808295.0,50940513.0,113247072.0,0.03362819835200684,605081
2024-11-22,13.36,13.55,12.89,13.0,4296449.0,56865313.0,113247072.0,0.037938720393583335,605081
2024-11-25,12.9,13.29,12.75,13.1,3310460.0,43248587.0,113247072.0,0.0292321906565496,605081
2024-11-26,13.1,13.15,12.7,12.76,3256084.0,41865384.0,113247072.0,0.028752036962156512,605081
2024-11-27,12.75,13.44,12.27,13.3,6142050.0,78770499.0,113247072.0,0.05423583931600457,605081
2024-11-28,13.21,13.53,13.09,13.13,4206500.0,56044194.0,113247072.0,0.037144448202599004,605081
2024-11-29,13.18,13.47,13.13,13.2,3622857.0,48039843.0,113247072.0,0.03199073438296047,605081
2024-12-02,13.36,13.48,12.9,13.26,4353450.0,57343745.0,113247072.0,0.0384420534952109,605081
2024-12-03,13.31,13.45,13.2,13.44,3500844.0,46758470.0,113247072.0,0.030913329043950912,605081
2024-12-04,13.7,14.02,13.01,13.2,5923118.0,80487123.0,113247072.0,0.05230261494089666,605081
2024-12-05,13.37,13.42,13.02,13.32,3733899.0,49497839.0,113247072.0,0.03297126304510548,605081
2024-12-06,13.7,13.75,13.33,13.51,5013745.0,67897108.0,113247072.0,0.04427262366659687,605081
2024-12-09,13.48,13.64,12.95,13.29,6232080.0,82132271.0,113247072.0,0.05503082675726927,605081
2024-12-10,13.53,13.64,13.27,13.28,5255420.0,70592350.0,113247072.0,0.04640667442598428,605081
2024-12-11,13.32,13.82,13.3,13.56,6323546.0,85864475.0,113247072.0,0.05583849443807254,605081
2024-12-12,13.59,14.02,13.4,14.0,5488472.0,75659821.0,113247072.0,0.048464581936387724,605081
2024-12-13,13.88,13.95,13.31,13.36,5086570.0,68774602.0,113247072.0,0.04491568665015904,605081
2024-12-16,13.49,13.49,13.09,13.18,4432490.0,58732298.0,113247072.0,0.03913999648485393,605081
2024-12-17,13.29,13.31,12.1,12.13,7244954.0,90444500.0,113247072.0,0.06397475777563591,605081
2024-12-18,12.1,12.3,11.91,12.11,4425472.0,53594491.0,113247072.0,0.03907802578772191,605081
2024-12-19,11.97,12.08,11.7,11.92,3734543.0,44333916.0,113247072.0,0.03297694972634701,605081
2024-12-20,11.96,12.25,11.88,12.18,2908724.0,35311299.0,113247072.0,0.025684761191883176,605081
2024-12-23,12.19,12.2,11.01,11.1,7488542.0,85574707.0,113247072.0,0.06612570080399076,605081
2024-12-24,11.0,11.16,10.65,10.84,4799737.0,52026975.0,113247072.0,0.04238287944433566,605081
2024-12-25,10.72,10.8,10.22,10.47,3343710.0,34883191.0,113247072.0,0.02952579648151963,605081
2024-12-26,10.4,10.72,10.3,10.54,2667516.0,28222764.0,113247072.0,0.023554834159420918,605081
2024-12-27,10.55,11.34,10.51,11.08,4279954.0,47066667.0,113247072.0,0.037793065413647076,605081
2024-12-30,10.98,11.21,10.58,10.8,3851665.0,41638784.0,113247072.0,0.03401116631077226,605081
2024-12-31,10.75,10.9,10.47,10.48,3210955.0,34164485.0,113247072.0,0.028353536592981406,605081
