symbol,firm_name_schedule,fiscal_year,first_appointment,actual_disclosure,revision_count,delay_days,postponed,advanced,long_postponement,first_doy,actual_doy,actual_month,april_disclosure,after_apr20,name,industry,loss_current,negative_eps_current,large_profit_drop_current,revenue_drop_current,bad_news_realized,severe_bad_news,lag_size,lag_profitability,lag_leverage,lag_revenue_growth,lag_profit_growth,lag_eps,lag_book_value,lag_cashflow_ps,lag_liquidity,lag_margin,lag_inventory_turnover,forecast_available,forecast_bad,forecast_severe_bad,forecast_yoy_min,forecast_yoy_mean,forecast_value_min,first_forecast_notice,last_forecast_notice,days_forecast_to_report,industry_group,actual_doy_pct_year,first_doy_pct_year,late_disclosure_q75,late_disclosure_q67,initial_late_q75,predicted_bad_news_risk,risk_bucket,strata,event_id
000665,湖北广电,2023,2024-04-18,2024-04-18,0,0.0,0,0,0,109.0,109,4,1,0,湖北广电,传媒娱乐,1,1,0,0,1,1,3.1250046092581303,-10.09,48.56,0.17,-33.42,-0.55,5.14,0.1,0.71,7.91,21.14,1,1,1,-3.475,3.0316666666666663,-585000000.0,2024-01-30,2024-01-30,79.0,Other,0.3845466726217061,0.3945958016971862,0,0,0,0.9737826263144078,top_20_risk,,0
603978,深圳新星,2023,2024-04-24,2024-04-24,0,0.0,0,0,0,115.0,115,4,1,1,深圳新星,其他,1,1,1,0,1,1,2.787477334733532,-2.73,45.68,10.8,-267.06,-0.29,10.44,-0.88,2.0,10.08,6.7,1,1,1,-154.76,-137.1,-125500000.0,2024-01-30,2024-01-30,85.0,其他,0.5386333184457347,0.547119249665029,0,0,0,0.9923786739551228,top_20_risk,,1
002423,中粮资本,2023,2024-04-26,2024-04-26,0,0.0,0,0,0,117.0,117,4,1,1,中粮资本,钢铁行业,0,0,0,0,0,0,5.231482878360813,3.26,78.83,-5.58,-56.5,0.2591,7.95,3.49,1.52,-3.49,27.12,1,0,0,71.59,71.6425,0.44485,2024-01-20,2024-01-20,97.0,钢铁行业,0.6569897275569451,0.6712818222420723,0,0,0,0.004461124253382933,bottom_20_risk,,2
603606,东方电缆,2023,2024-03-21,2024-03-21,0,0.0,0,0,0,81.0,81,3,0,0,东方电缆,电器行业,0,0,0,0,0,0,4.263946679941392,16.3,40.2,-11.64,-29.18,1.22,7.99,0.94,2.8,22.38,3.83,0,0,0,5.4,33.17,0.22,,,999.0,Other,0.044439481911567665,0.04935238945958017,0,0,0,0.003554247776543528,bottom_20_risk,,3
603610,麒盛科技,2023,2024-04-19,2024-04-19,0,0.0,0,0,0,110.0,110,4,1,0,麒盛科技,其他,0,0,0,0,0,0,3.318902138935325,0.81,34.36,-10.23,-92.06,0.08,8.55,1.6,3.19,31.61,2.39,1,0,0,93.23,435.555,225000000.0,2024-01-31,2024-01-31,79.0,其他,0.41737382760160785,0.4276462706565431,0,0,0,0.001841593025549558,bottom_20_risk,,4
002300,太阳电缆,2021,2022-03-31,2022-03-31,0,0.0,0,0,0,90.0,90,3,0,0,太阳电缆,发电设备,0,0,0,0,0,0,4.387138546560058,12.33,57.04,13.86,-2.12,0.2892,2.44,0.48,1.51,6.73,13.69,0,0,0,5.4,33.17,0.22,,,999.0,发电设备,0.22914691943127963,0.24218009478672986,0,0,0,,not_test_year,2021_bad0_late0,5
600805,悦达投资,2021,2022-04-16,2022-04-16,0,0.0,0,0,0,106.0,106,4,1,0,悦达投资,综合行业,1,1,0,0,1,1,3.4423393249933305,-22.73,47.76,14.62,-1272.46,-1.4811999999999999,5.8,-0.1,1.01,8.68,3.65,1,1,1,36.96,41.06,-817180000.0,2022-01-29,2022-01-29,77.0,Other,0.39976303317535544,0.4194312796208531,0,0,0,,not_test_year,2021_bad1_late0,6
600933,爱柯迪,2023,2024-03-28,2024-04-27,1,28.0,1,0,1,88.0,118,4,1,1,爱柯迪,其他,0,0,0,0,0,0,3.776203282285611,13.52,43.43,33.05,109.29,0.74,5.99,0.73,2.48,27.77,3.78,1,0,0,39.735,41.678333333333335,870000000.0,2024-01-24,2024-01-24,94.0,其他,0.7791424743188924,0.11523001339883877,1,1,0,0.0041001476028032285,bottom_20_risk,,7
603936,博敏电子,2023,2024-04-27,2024-04-27,0,0.0,0,0,0,118.0,118,4,1,1,博敏电子,其他,1,1,1,0,1,1,3.4005304926744517,2.21,46.75,-17.68,-66.69,0.16,7.21,0.4,1.0,16.23,4.76,1,1,1,-1341.695,-1099.42,-625000000.0,2024-01-31,2024-01-31,87.0,其他,0.7791424743188924,0.7972309066547566,1,1,1,0.9947103446681462,top_20_risk,,8
000524,岭南控股,2023,2024-03-23,2024-03-23,0,0.0,0,0,0,83.0,83,3,0,0,岭南控股,酒店旅游,0,0,0,0,0,0,2.4292177439274116,-8.34,31.06,-32.22,-39.3,-0.27,3.05,-0.07,1.6,14.49,59.38,1,0,0,-87.26,58.85999999999999,0.1,2024-01-31,2024-01-31,52.0,Other,0.06297454220634212,0.06565430995980348,0,0,0,0.011346836036684583,middle_60_risk,,9
000571,新大洲A,2023,2024-04-29,2024-04-30,1,1.0,1,0,0,120.0,121,4,1,1,新大洲A,煤炭行业,1,1,1,0,1,1,2.6511270537025893,-9.72,66.0,10.89,74.49,-0.0462,0.45,0.53,0.36,47.08,18.7,1,1,1,-246.48,-239.115,-125000000.0,2024-01-31,2024-01-31,90.0,Other,0.9419383653416704,0.8847699866011612,1,1,1,0.9925509852589722,top_20_risk,,10
002460,赣锋锂业,2022,2023-03-30,2023-03-30,0,0.0,0,0,0,89.0,89,3,0,0,赣锋锂业,有色金属,0,0,0,0,0,0,4.724019319826472,31.04,33.0,102.07,410.26,2.67,15.23,1.82,1.78,39.81,2.44,1,0,0,282.525,424.9325,9.925,2023-01-30,2023-01-30,59.0,有色金属,0.15251141552511416,0.1506849315068493,0,0,0,,not_test_year,2022_bad0_late0,11
603031,安孚科技,2023,2024-03-12,2024-03-12,0,0.0,0,0,0,72.0,72,3,0,0,安孚科技,其他,0,0,0,0,0,0,3.5504790843779097,14.14,53.22,101.71,259.14,0.73,5.07,6.883800000000028,0.66,46.56,4.68,1,0,0,42.145,60.852500000000006,113000000.0,2024-01-25,2024-01-25,47.0,其他,0.00982581509602501,0.01563197856185797,0,0,0,0.003846998861100231,bottom_20_risk,,12
002224,三力士,2022,2023-04-28,2023-04-28,0,0.0,0,0,0,118.0,118,4,1,1,三 力 士,化工行业,0,0,0,0,0,0,2.377692565480851,4.7,19.93,8.67,-33.27,0.16,3.28,0.34,5.97,29.48,2.86,0,0,0,5.4,33.17,0.22,,,999.0,化工行业,0.8015981735159817,0.7915525114155251,1,1,1,,not_test_year,2022_bad0_late1,13
002526,山东矿机,2023,2024-04-24,2024-04-24,0,0.0,0,0,0,115.0,115,4,1,1,山东矿机,机械行业,0,0,0,0,0,0,3.2208738275308737,4.09,33.23,5.22,88.93,0.07,1.61,-0.11,2.18,22.97,2.8,1,0,0,55.36,55.707499999999996,0.10095,2024-01-30,2024-01-30,85.0,机械行业,0.5386333184457347,0.547119249665029,0,0,0,0.0035556044478847293,bottom_20_risk,,14
002236,大华股份,2022,2023-04-28,2023-04-28,0,0.0,0,0,0,118.0,118,4,1,1,大华股份,仪器仪表,0,0,0,0,0,0,5.797121015086702,15.58,45.14,24.07,-13.44,1.15,7.89,0.58,1.92,38.91,3.42,0,0,0,5.4,33.17,0.22,,,999.0,Other,0.8015981735159817,0.7915525114155251,1,1,1,,not_test_year,2022_bad0_late1,15
000717,中南股份,2022,2023-04-28,2023-04-28,0,0.0,0,0,0,118.0,118,4,1,1,中南股份,钢铁行业,1,1,1,0,1,1,6.122097994743185,18.78,46.81,44.13,3.27,0.7944,4.53,1.4,0.7,9.34,18.6,1,1,1,-168.935,-167.93166666666664,-1325000000.0,2023-01-31,2023-01-31,87.0,钢铁行业,0.8015981735159817,0.7915525114155251,1,1,1,,not_test_year,2022_bad1_late1,16
002314,南山控股,2023,2024-04-30,2024-03-30,1,-24.0,0,1,0,121.0,90,3,0,0,南山控股,建筑建材,0,0,1,0,1,1,4.808111029984782,6.87,73.72,8.68,-30.24,0.25,3.78,-0.83,1.22,19.28,0.42,1,1,1,-84.23,-80.0625,0.06055,2024-01-30,2024-01-30,60.0,建筑建材,0.20477891916033944,0.9537740062527914,0,0,1,0.9815473295907872,top_20_risk,,17
600877,电科芯片,2023,2024-04-17,2024-04-26,1,9.0,1,0,0,108.0,117,4,1,1,电科芯片,摩托车,0,0,0,0,0,0,2.812410216426453,10.89,23.97,-5.43,60.52,0.19,1.82,0.07,4.02,32.32,2.13,0,0,0,5.4,33.17,0.22,,,999.0,Other,0.6569897275569451,0.37673068334077714,0,0,0,0.050025186710781426,middle_60_risk,,18
002660,茂硕电源,2023,2024-03-30,2024-03-30,0,0.0,0,0,0,90.0,90,3,0,0,茂硕电源,发电设备,0,0,0,0,0,0,2.799108932049177,11.18,34.96,-5.08,27.67,0.27,3.46,0.49,2.29,22.04,5.44,0,0,0,5.4,33.17,0.22,,,999.0,发电设备,0.20477891916033944,0.21281822242072354,0,0,0,0.005911282631627121,middle_60_risk,,19
000720,新能泰山,2023,2024-04-30,2024-04-30,0,0.0,0,0,0,121.0,121,4,1,1,新能泰山,电力行业,1,1,0,1,1,1,3.7096619932964647,-5.11,52.47,-4.71,-37.83,-0.1038,1.98,0.02,1.82,1.18,1.45,1,1,1,50.955,54.177499999999995,-70000000.0,2024-01-31,2024-01-31,90.0,电力行业,0.9419383653416704,0.9537740062527914,1,1,1,0.9474577514725044,middle_60_risk,,20
603727,博迈科,2023,2024-03-30,2024-03-30,0,0.0,0,0,0,90.0,90,3,0,0,博迈科,其他,1,1,1,1,1,1,3.501645852958961,2.02,35.39,-21.18,-61.11,0.23,11.81,1.44,2.3,11.74,8.08,1,1,1,-533.795,-372.995,-72500000.0,2024-01-26,2024-01-26,64.0,其他,0.20477891916033944,0.21281822242072354,0,0,0,0.9915244591988002,top_20_risk,,21
600843,上工申贝,2021,2022-04-19,2022-04-30,1,11.0,1,0,0,109.0,120,4,1,1,上工申贝,纺织机械,0,0,0,0,0,0,3.4547381485901854,3.63,43.25,-4.54,-1.43,0.1556,4.28,0.58,1.92,24.77,2.58,0,0,0,5.4,33.17,0.22,,,999.0,Other,0.9466824644549763,0.4483412322274882,1,1,0,,not_test_year,2021_bad0_late1,22
603079,圣达生物,2023,2024-04-20,2024-04-20,0,0.0,0,0,0,111.0,111,4,1,1,圣达生物,其他,1,1,1,0,1,1,2.1258479144939915,2.38,18.84,-6.55,-58.44,0.18,7.76,0.24,2.64,17.73,2.36,1,1,1,-544.28,-393.59999999999997,-47500000.0,2024-01-31,2024-01-31,80.0,其他,0.46114336757481017,0.4714158106297454,0,0,0,0.9861597556314126,top_20_risk,,23
688011,新光光电,2022,2023-04-21,2023-04-21,0,0.0,0,0,0,111.0,111,4,1,1,新光光电,其他,1,1,1,0,1,1,1.014831405243495,0.15,10.14,15.89,-92.45,0.018,12.31,-0.22,10.99,47.72,0.76,1,1,1,-1359.93,-486.18,-38000000.0,2023-01-31,2023-01-31,80.0,其他,0.47420091324200914,0.46735159817351596,0,0,0,,not_test_year,2022_bad1_late0,24
601956,东贝集团,2023,2024-04-04,2024-04-04,0,0.0,0,0,0,95.0,95,4,1,0,东贝集团,其他,0,0,0,0,0,0,3.9972828493789696,7.34,58.06,-11.79,345.48,0.2608,3.83,0.12,1.29,12.4,6.1,0,0,0,5.4,33.17,0.22,,,999.0,其他,0.2572577043322912,0.268646717284502,0,0,0,0.010949322485847098,middle_60_risk,,25
000069,华侨城A,2023,2024-03-30,2024-03-30,0,0.0,0,0,0,90.0,90,3,0,0,华侨城Ａ,酒店旅游,1,1,0,0,1,1,6.6446617486649355,-14.54,74.39,-25.17,-387.04,-1.3296,8.02,-0.07,1.62,22.84,0.27,1,1,1,43.605,45.3525,-2643000000.0,2024-01-31,2024-01-31,59.0,Other,0.20477891916033944,0.21281822242072354,0,0,0,0.9790811000606289,top_20_risk,,26
002199,*ST东晶,2022,2023-04-22,2023-04-22,0,0.0,0,0,0,112.0,112,4,1,1,*ST东晶,电子器件,1,1,1,1,1,1,1.3962446919730587,7.37,34.89,16.0,287.92,0.13,1.79,0.18,2.28,21.81,2.9,1,1,1,-428.815,-269.21999999999997,-78300000.0,2023-01-20,2023-01-20,92.0,电子器件,0.5136986301369864,0.5075342465753425,0,0,0,,not_test_year,2022_bad1_late0,27
603665,康隆达,2022,2023-04-18,2023-04-28,1,10.0,1,0,0,108.0,118,4,1,1,康隆达,其他,0,0,0,0,0,0,2.4449523342809676,-15.46,65.47,3.85,-300.89,-0.98,5.84,0.12,0.62,22.75,1.89,1,0,0,178.99,192.9675,160000000.0,2023-01-31,2023-01-31,87.0,其他,0.8015981735159817,0.3858447488584475,1,1,0,,not_test_year,2022_bad0_late1,28
601111,中国国航,2023,2024-03-29,2024-03-29,0,0.0,0,0,0,89.0,89,3,0,0,中国国航,交通运输,1,1,0,0,1,1,6.272839269985096,-61.755,92.69,-29.03,-132.06,-1.8162,1.63,-1.15,0.33,-10.653,35.94,1,1,1,91.835,94.4925,-2643000000.0,2024-01-27,2024-01-27,62.0,交通运输,0.1498436802143814,0.1527467619472979,0,0,0,0.39954690377949437,middle_60_risk,,29
002517,恺英网络,2023,2024-04-30,2024-04-30,0,0.0,0,0,0,121.0,121,4,1,1,恺英网络,服装鞋类,0,0,0,0,0,0,3.644404964012107,26.19,21.37,56.84,77.77,0.49,2.08,0.69,3.29,75.02,69.94,1,0,0,45.4,50.24333333333333,0.705,2024-01-17,2024-01-17,104.0,服装鞋类,0.9419383653416704,0.9537740062527914,1,1,1,0.00444169585828422,bottom_20_risk,,30
603212,赛伍技术,2022,2023-04-28,2023-04-28,0,0.0,0,0,0,118.0,118,4,1,1,赛伍技术,其他,0,0,0,0,0,0,3.4394560937792455,8.63,53.08,38.25,-12.36,0.42,5.13,-0.44,2.22,14.63,5.31,0,0,0,5.4,33.17,0.22,,,999.0,其他,0.8015981735159817,0.7915525114155251,1,1,1,,not_test_year,2022_bad0_late1,31
000816,智慧农业,2023,2024-04-27,2024-04-26,1,-1.0,0,1,0,118.0,117,4,1,1,智慧农业,机械行业,1,1,1,0,1,1,2.5764217586237734,-1.17,25.95,-46.76,-155.88,-0.018,1.49,-0.17,1.3,15.08,3.73,1,1,1,-172.63,-145.07999999999998,-88000000.0,2024-01-31,2024-01-31,86.0,机械行业,0.6569897275569451,0.7972309066547566,0,0,1,0.9915137781450296,top_20_risk,,32
002337,赛象科技,2021,2022-04-28,2022-04-19,1,-9.0,0,1,0,118.0,109,4,1,0,赛象科技,机械行业,0,0,0,0,0,0,1.5282278570085572,-8.76,25.29,-32.05,-1035.18,-0.17,1.88,-0.04,3.15,7.59,1.06,1,0,0,110.945,122.3625,0.06,2022-01-26,2022-01-26,83.0,机械行业,0.42890995260663506,0.7755924170616114,0,0,1,,not_test_year,2021_bad0_late0,33
001259,利仁科技,2023,2024-04-27,2024-04-27,0,0.0,0,0,0,118.0,118,4,1,1,利仁科技,其他,0,0,1,1,1,0,2.0241930674493576,10.36,16.46,0.26,-21.97,0.8394,10.05,0.16,5.96,30.95,2.89,1,1,0,-58.47,-57.9475,0.2907,2024-01-30,2024-01-30,88.0,其他,0.7791424743188924,0.7972309066547566,1,1,1,0.9871975145584322,top_20_risk,,34
603275,众辰科技,2023,2024-04-26,2024-04-26,0,0.0,0,0,0,117.0,117,4,1,1,众辰科技,其他,0,0,0,0,0,0,1.8500283773520307,23.16,24.56,-13.63,-23.6,1.35,6.51,1.09,3.36,41.36,1.79,0,0,0,5.4,33.17,0.22,,,999.0,其他,0.6569897275569451,0.6712818222420723,0,0,0,0.002995617414110557,bottom_20_risk,,35
002329,皇氏集团,2021,2022-04-22,2022-04-28,1,6.0,1,0,0,112.0,118,4,1,1,皇氏集团,食品行业,1,1,1,0,1,1,3.254242968705492,-6.45,61.66,10.51,-385.65,-0.1638,2.43,-0.05,0.98,20.62,9.96,1,1,1,-190.015,-118.37833333333333,-427000000.0,2022-01-29,2022-01-29,89.0,食品行业,0.75260663507109,0.5338862559241706,1,1,0,,not_test_year,2021_bad1_late1,36
000525,红太阳,2023,2024-04-30,2024-04-30,0,0.0,0,0,0,121.0,121,4,1,1,红太阳,农药化肥,1,1,1,1,1,1,4.180522258463153,43.47,86.4,37.51,119.56,1.26,2.19,1.97,0.75,36.97,4.39,1,1,1,-210.325,-136.01833333333332,-825000000.0,2024-04-27,2024-04-27,8.0,Other,0.9419383653416704,0.9537740062527914,1,1,1,0.9975766227227338,top_20_risk,,37
603281,江瀚新材,2023,2024-03-28,2024-03-28,0,0.0,0,0,0,88.0,88,3,0,0,江瀚新材,其他,0,0,0,1,0,0,3.5298837226234783,53.66180000000026,19.05,30.62,52.16,3.39,11.93,6.61,4.83,42.69,7.61,0,0,0,5.4,33.17,0.22,,,999.0,其他,0.11188030370701206,0.11523001339883877,0,0,0,0.003294248744525511,bottom_20_risk,,38
000100,TCL科技,2021,2022-04-28,2022-04-28,0,0.0,0,0,0,118.0,118,4,1,1,TCL科技,家电行业,0,0,0,0,0,0,6.645481010464889,13.75,65.08,2.33,67.63,0.3366,2.41,1.19,0.93,13.61,9.13,1,0,0,113.0,166.625,0.7533,2022-01-28,2022-01-28,90.0,Other,0.75260663507109,0.7755924170616114,1,1,1,,not_test_year,2021_bad0_late1,39
600756,浪潮软件,2022,2023-04-12,2023-04-12,0,0.0,0,0,0,102.0,102,4,1,0,浪潮软件,电子信息,0,0,0,0,0,0,2.9601050959108397,1.96,47.88,37.72,148.87,0.13,6.68,0.21,1.65,34.03,2.72,1,0,0,15.0,224.66666666666666,58000000.0,2023-01-31,2023-01-31,71.0,电子信息,0.31689497716894977,0.31598173515981737,0,0,0,,not_test_year,2022_bad0_late0,40
603861,白云电器,2023,2024-04-23,2024-04-23,0,0.0,0,0,0,114.0,114,4,1,1,白云电器,其他,0,0,0,0,0,0,3.573749146860305,1.29,64.64,-1.36,-36.41,0.08,6.15,1.66,1.09,16.91,2.19,1,0,0,174.495,180.91,77500000.0,2024-01-31,2024-01-31,83.0,其他,0.5096025011165699,0.5189816882536846,0,0,0,0.0016182667432727122,bottom_20_risk,,41
603079,圣达生物,2022,2023-03-25,2023-03-25,0,0.0,0,0,0,84.0,84,3,0,0,圣达生物,其他,0,0,1,0,1,0,2.186051276738094,5.79,24.24,-8.95,-61.63,0.44,7.71,0.44,2.23,28.93,2.88,1,1,1,-75.74,-65.75999999999999,12500000.0,2023-01-31,2023-01-31,53.0,其他,0.08926940639269407,0.08424657534246575,0,0,0,,not_test_year,2022_bad1_late0,42
600819,耀皮玻璃,2023,2024-03-30,2024-03-30,0,0.0,0,0,0,90.0,90,3,0,0,耀皮玻璃,玻璃行业,1,1,1,0,1,1,3.8828001467512427,0.44,43.44,2.3,-85.77,0.02,3.72,0.5,1.33,13.97,3.55,1,1,1,-929.49,-528.4,-140000000.0,2024-01-31,2024-01-31,59.0,Other,0.20477891916033944,0.21281822242072354,0,0,0,0.9930611117296952,top_20_risk,,43
605338,巴比食品,2023,2024-03-29,2024-03-29,0,0.0,0,0,0,89.0,89,3,0,0,巴比食品,其他,0,0,0,0,0,0,2.7880929087757464,11.19,22.66,10.88,-29.06,0.9,8.33,0.77,2.53,27.71,14.97,0,0,0,5.4,33.17,0.22,,,999.0,其他,0.1498436802143814,0.1527467619472979,0,0,0,0.005859809061174134,middle_60_risk,,44
603217,元利科技,2023,2024-04-17,2024-04-17,0,0.0,0,0,0,108.0,108,4,1,0,元利科技,其他,0,0,0,0,0,0,3.326114575537799,16.62,15.48,14.49,30.33,2.86,14.41,2.25,4.64,26.26,5.47,0,0,0,5.4,33.17,0.22,,,999.0,其他,0.36578829834747656,0.37673068334077714,0,0,0,0.00283394475884866,bottom_20_risk,,45
000554,泰山石油,2021,2022-04-28,2022-04-28,0,0.0,0,0,0,118.0,118,4,1,1,泰山石油,石油行业,0,0,0,0,0,0,3.228430037673012,0.8,38.29,-17.12,23.0,0.0152,1.9,0.53,0.94,11.29,9.76,0,0,0,5.4,33.17,0.22,,,999.0,Other,0.75260663507109,0.7755924170616114,1,1,1,,not_test_year,2021_bad0_late1,46
002403,爱仕达,2023,2024-04-29,2024-04-29,0,0.0,0,0,0,120.0,120,4,1,1,爱仕达,家电行业,1,1,1,0,1,1,3.414442608412176,-3.73,60.56,-16.2,11.05,-0.23,6.04,-0.11,0.94,27.6,2.44,1,1,1,-296.0,-182.5,-333284850.0,2024-01-31,2024-01-31,89.0,Other,0.8631085305940152,0.8847699866011612,1,1,1,0.9940076882289413,top_20_risk,,47
605050,福然德,2023,2024-04-16,2024-04-16,0,0.0,0,0,0,107.0,107,4,1,0,福然德,其他,0,0,0,0,0,0,4.648421227982406,9.55,41.27,3.91,-9.96,0.7,7.99,0.22,2.15,4.91,7.5,0,0,0,5.4,33.17,0.22,,,999.0,其他,0.34769986601161235,0.3586422510049129,0,0,0,0.005264556917060857,middle_60_risk,,48
603235,天新药业,2023,2024-04-24,2024-04-24,0,0.0,0,0,0,115.0,115,4,1,1,天新药业,其他,0,0,0,0,0,0,3.1801349965517702,21.78,13.29,-8.63,-16.37,1.51,9.27,1.39,10.18,37.23,3.3,0,0,0,5.4,33.17,0.22,,,999.0,其他,0.5386333184457347,0.547119249665029,0,0,0,0.0029174997057982207,bottom_20_risk,,49
002584,西陇科学,2022,2023-04-29,2023-04-29,0,0.0,0,0,0,119.0,119,4,1,1,西陇科学,化工行业,0,0,1,0,1,1,4.00369019395397,9.61,52.05,-4.71,221.49,0.35,3.8,0.64,1.55,10.11,8.28,1,1,0,-55.61,-40.042500000000004,0.15,2023-01-31,2023-01-31,88.0,化工行业,0.9315068493150684,0.9230593607305936,1,1,1,,not_test_year,2022_bad1_late1,50
605398,新炬网络,2022,2023-04-13,2023-04-13,0,0.0,0,0,0,103.0,103,4,1,0,新炬网络,其他,0,0,0,0,0,0,1.9329696377795786,7.57,22.23,5.43,-36.22,0.85,16.41,1.33,4.55,37.69,5.54,0,0,0,5.4,33.17,0.22,,,999.0,其他,0.33036529680365295,0.33013698630136984,0,0,0,,not_test_year,2022_bad0_late0,51
603712,七一二,2021,2022-04-28,2022-04-28,0,0.0,0,0,0,118.0,118,4,1,1,七一二,其他,0,0,0,0,0,0,3.3307749173656096,18.9,56.3,25.95,51.48,0.68,3.89,1.04,1.61,48.12,0.54,0,0,0,5.4,33.17,0.22,,,999.0,其他,0.75260663507109,0.7755924170616114,1,1,1,,not_test_year,2021_bad0_late1,52
000525,红太阳,2022,2023-04-29,2023-04-29,0,0.0,0,0,0,119.0,119,4,1,1,红太阳,农药化肥,0,0,0,0,0,0,3.8676530576922055,-102.6847,92.27980000000002,16.44,-1919.0309,-1.5753,0.95,0.6,0.61,20.05,4.5,1,0,0,124.84,301.315,1.6,2023-01-31,2023-01-31,88.0,Other,0.9315068493150684,0.9230593607305936,1,1,1,,not_test_year,2022_bad0_late1,53
000978,桂林旅游,2022,2023-03-30,2023-04-15,1,16.0,1,0,1,89.0,105,4,1,0,桂林旅游,酒店旅游,1,1,0,1,1,1,1.220829921392359,-17.58,56.18,-6.39,20.18,-0.591,3.07,-0.09,0.44,-4.482,47.45,1,1,1,-46.39,-37.24,-292320000.0,2023-01-31,2023-01-31,74.0,Other,0.3547945205479452,0.1506849315068493,0,0,0,,not_test_year,2022_bad1_late0,54
002157,正邦科技,2021,2022-04-30,2022-04-30,0,0.0,0,0,0,120.0,120,4,1,1,正邦科技,农林牧渔,1,1,1,0,1,1,6.199819280948752,45.06,58.56,100.53,248.75,2.2871,7.42,1.47,1.22,22.35,4.11,1,1,1,-429.9,-277.7833333333333,-2541000000.0,2022-01-29,2022-01-29,91.0,农林牧渔,0.9466824644549763,0.9507109004739337,1,1,1,,not_test_year,2021_bad1_late1,55
601858,中国科传,2023,2024-04-27,2024-04-27,0,0.0,0,0,0,118.0,118,4,1,1,中国科传,其他,0,0,0,0,0,0,3.335413641116152,9.97,28.02,2.88,-3.64,0.59,6.11,0.56,2.68,27.35,3.09,0,0,0,5.4,33.17,0.22,,,999.0,其他,0.7791424743188924,0.7972309066547566,1,1,1,0.004320516335115698,bottom_20_risk,,56
002331,皖通科技,2021,2022-04-27,2022-04-27,0,0.0,0,0,0,117.0,117,4,1,1,皖通科技,电子信息,1,1,0,1,1,1,2.818995095053937,-9.43,28.21,7.97,-215.87,-0.474,4.76,0.19,2.66,24.64,2.88,1,1,1,-32.74,24.771666666666665,-98849450.0,2022-01-26,2022-01-26,91.0,电子信息,0.6774881516587677,0.706872037914692,0,1,0,,not_test_year,2021_bad1_late0,57
000690,宝新能源,2023,2024-04-26,2024-04-09,1,-17.0,0,1,0,117.0,100,4,1,0,宝新能源,电力行业,0,0,0,0,0,0,4.555454593742159,1.63,43.83,0.05,-77.78,0.08,5.19,0.55,1.96,5.42,20.46,1,0,0,376.33,605.8725,0.4,2024-01-30,2024-01-30,70.0,电力行业,0.26574363555158553,0.6712818222420723,0,0,0,0.002055785085275214,bottom_20_risk,,58
002524,光正眼科,2023,2024-04-25,2024-04-25,0,0.0,0,0,0,116.0,116,4,1,1,光正眼科,钢铁行业,0,0,0,0,0,0,2.1598687907924505,-26.14,82.36,-26.52,-311.82,-0.15,0.53,0.24,0.33,24.96,10.42,1,1,1,39.425,83.72666666666667,-3000000.0,2024-01-30,2024-01-30,86.0,钢铁行业,0.572577043322912,0.582402858418937,0,0,0,0.7860926862442151,middle_60_risk,,59
000852,石化机械,2023,2024-04-26,2024-04-26,0,0.0,0,0,0,117.0,117,4,1,1,石化机械,机械行业,0,0,0,0,0,0,4.3633533694082605,2.06,69.28,11.51,16.93,0.0579,3.08,0.51,1.18,15.54,1.82,1,0,0,77.4,96.70500000000001,0.097,2024-01-30,2024-01-30,87.0,机械行业,0.6569897275569451,0.6712818222420723,0,0,0,0.0037671107868343444,bottom_20_risk,,60
605298,必得科技,2023,2024-04-30,2024-04-29,1,-1.0,0,1,0,121.0,120,4,1,1,必得科技,其他,0,0,0,0,0,0,1.1939224684724346,4.85,15.03,-23.66,-44.6,0.33,6.92,0.16,5.05,52.91,0.89,0,0,0,5.4,33.17,0.22,,,999.0,其他,0.8631085305940152,0.9537740062527914,1,1,1,0.020142465359432832,middle_60_risk,,61
603650,彤程新材,2023,2024-04-25,2024-04-25,0,0.0,0,0,0,116.0,116,4,1,1,彤程新材,其他,0,0,0,0,0,0,3.258096538021482,10.26,54.2,7.74,-8.71,0.5,5.01,0.17,1.12,23.99,6.31,0,0,0,5.4,33.17,0.22,,,999.0,其他,0.572577043322912,0.582402858418937,0,0,0,0.01049256082196679,middle_60_risk,,62
603596,伯特利,2023,2024-03-28,2024-03-28,0,0.0,0,0,0,88.0,88,3,0,0,伯特利,其他,0,0,0,0,0,0,4.03229183781909,18.11,47.17,58.61,38.51,1.71,11.09,1.91,2.13,22.44,6.49,1,0,0,31.555,38.555,858715000.0,2024-01-23,2024-01-23,65.0,其他,0.11188030370701206,0.11523001339883877,0,0,0,0.001144233572486308,bottom_20_risk,,63
603619,中曼石油,2023,2024-04-30,2024-04-30,0,0.0,0,0,0,121.0,121,4,1,1,中曼石油,其他,0,0,0,0,0,0,3.49620448524049,22.94,67.88,73.98,552.09,1.21,5.75,1.5,0.87,45.76,3.54,1,0,0,61.02,67.3925,825000000.0,2024-01-30,2024-01-30,91.0,其他,0.9419383653416704,0.9537740062527914,1,1,1,0.003445188894134003,bottom_20_risk,,64
603393,新天然气,2023,2024-04-27,2024-04-27,0,0.0,0,0,0,118.0,118,4,1,1,新天然气,其他,0,0,0,0,0,0,3.559909072816976,18.99,30.03,30.54,-10.21,2.18,12.26,4.33,2.35,53.07,60.53,0,0,0,5.4,33.17,0.22,,,999.0,其他,0.7791424743188924,0.7972309066547566,1,1,1,0.0018193088256916504,bottom_20_risk,,65
603488,展鹏科技,2023,2024-03-28,2024-03-28,0,0.0,0,0,0,88.0,88,3,0,0,展鹏科技,其他,0,0,0,0,0,0,1.7900914121273581,4.27,17.46,2.86,-42.4,0.14,3.37,0.2,4.56,24.72,5.67,1,0,0,51.245,78.3875,59318800.0,2024-01-11,2024-01-11,77.0,其他,0.11188030370701206,0.11523001339883877,0,0,0,0.0028925494219757247,bottom_20_risk,,66
002695,煌上煌,2023,2024-03-30,2024-03-30,0,0.0,0,0,0,90.0,90,3,0,0,煌上煌,食品行业,0,0,0,0,0,0,3.0223742045004123,1.32,20.52,-16.46,-78.68,0.06,4.58,0.75,4.15,28.16,2.24,1,0,0,-17.2,380.16166666666663,0.12,2024-01-27,2024-01-27,63.0,食品行业,0.20477891916033944,0.21281822242072354,0,0,0,0.002758738112865152,bottom_20_risk,,67
001378,德冠新材,2023,2024-04-25,2024-04-25,0,0.0,0,0,0,116.0,116,4,1,1,德冠新材,其他,0,0,0,0,0,0,2.6311691567662523,22.47,23.73,-1.95,-14.32,1.64,8.11,2.27,3.22,22.28,7.51,0,0,0,5.4,33.17,0.22,,,999.0,其他,0.572577043322912,0.582402858418937,0,0,0,0.0024526521969074743,bottom_20_risk,,68
002584,西陇科学,2021,2022-04-22,2022-04-22,0,0.0,0,0,0,112.0,112,4,1,1,西陇科学,化工行业,0,0,0,0,0,0,4.051089053551143,2.87,53.37,69.15,51.03,0.1,3.45,-0.11,1.54,8.46,9.32,1,0,0,210.5,275.5,0.285,2022-01-26,2022-01-26,86.0,化工行业,0.5132701421800948,0.5338862559241706,0,0,0,,not_test_year,2021_bad0_late0,69
002607,中公教育,2022,2023-04-28,2023-04-28,0,0.0,0,0,0,118.0,118,4,1,1,中公教育,汽车制造,1,1,0,1,1,1,4.250208060053033,-76.88,81.67,-38.3,-202.83,-0.38,0.31,-0.66,0.34,27.75,,1,1,1,55.69,56.3225,-1070000000.0,2023-01-31,2023-01-31,87.0,汽车制造,0.8015981735159817,0.7915525114155251,1,1,1,,not_test_year,2022_bad1_late1,70
000883,湖北能源,2023,2024-04-27,2024-04-27,0,0.0,0,0,0,118.0,118,4,1,1,湖北能源,电力行业,0,0,0,0,0,0,5.331655426158547,3.81,53.79,-9.06,-50.51,0.18,4.67,0.94,0.81,13.8,24.46,1,0,0,55.695,67.39,0.275,2024-01-17,2024-01-17,101.0,电力行业,0.7791424743188924,0.7972309066547566,1,1,1,0.002634309112119166,bottom_20_risk,,71
000898,鞍钢股份,2023,2024-03-29,2024-03-29,0,0.0,0,0,0,89.0,89,3,0,0,鞍钢股份,钢铁行业,1,1,1,0,1,1,7.179094532093744,0.26,39.34,-3.71,-98.45,0.011,6.18,0.65,0.81,2.33,7.87,1,1,1,-2554.3622,-1860.5898,-2643000000.0,2024-01-31,2024-01-31,58.0,钢铁行业,0.1498436802143814,0.1527467619472979,0,0,0,0.986215849949993,top_20_risk,,72
002633,申科股份,2023,2024-04-26,2024-04-30,1,4.0,1,0,0,117.0,121,4,1,1,申科股份,机械行业,1,1,0,0,1,1,1.1908875647772805,-8.63,33.51,7.77,-234.77,-0.2592,2.88,-0.02,1.84,20.23,1.13,1,1,1,17.245,42.04,-21450000.0,2024-01-27,2024-01-27,94.0,机械行业,0.9419383653416704,0.6712818222420723,1,1,0,0.945955323014957,middle_60_risk,,73
603353,和顺石油,2023,2024-04-27,2024-04-27,0,0.0,0,0,0,118.0,118,4,1,1,和顺石油,其他,0,0,0,0,0,0,3.7121075802331434,6.14,27.59,1.55,13.45,0.6,9.7,0.73,2.46,9.87,21.6,0,0,0,5.4,33.17,0.22,,,999.0,其他,0.7791424743188924,0.7972309066547566,1,1,1,0.0027327074915729703,bottom_20_risk,,74
601717,中创智领,2023,2024-03-29,2024-03-29,0,0.0,0,0,0,89.0,89,3,0,0,中创智领,机械行业,0,0,0,0,0,0,5.7727797905777205,15.74,57.93,9.39,30.31,1.446,9.99,1.27,1.76,20.66,3.61,0,0,0,5.4,33.17,0.22,,,999.0,机械行业,0.1498436802143814,0.1527467619472979,0,0,0,0.0028221157373623748,bottom_20_risk,,75
000877,天山股份,2023,2024-03-27,2024-03-27,1,0.0,0,0,0,87.0,87,3,0,0,天山股份,水泥行业,0,0,1,0,1,0,7.190532843975457,5.65,66.31,-22.03,-63.8,0.5259,9.44,1.76,0.51,16.06,10.2,1,1,1,-72.27,-65.8825,0.2124,2024-01-27,2024-01-27,60.0,Other,0.09267530147387226,0.09624832514515409,0,0,0,0.9914288546794706,top_20_risk,,76
600828,茂业商业,2023,2024-03-21,2024-03-21,0,0.0,0,0,0,81.0,81,3,0,0,茂业商业,商业百货,0,0,1,0,1,1,3.5579161895951237,4.8,62.48,-18.2,-16.51,0.1973,4.14,0.39,0.45,63.09,1.15,1,1,1,-254.5,-171.75,-37850000.0,2024-01-31,2024-01-31,50.0,商业百货,0.044439481911567665,0.04935238945958017,0,0,0,0.9803522212802485,top_20_risk,,77
000762,西藏矿业,2022,2023-04-27,2023-04-27,0,0.0,0,0,0,117.0,117,4,1,1,西藏矿业,有色金属,0,0,0,0,0,0,2.0068708488450007,6.71,9.83,68.18,388.89,0.27,4.14,0.76,5.33,55.84,1.51,1,0,0,386.35015000000067,539.0325,1.536,2023-01-14,2023-01-14,103.0,有色金属,0.7031963470319634,0.6965753424657535,0,1,0,,not_test_year,2022_bad0_late0,78
603259,药明康德,2023,2024-03-19,2024-03-19,0,0.0,0,0,0,79.0,79,3,0,0,药明康德,其他,0,0,0,0,0,0,5.977745874967044,20.62,27.46,71.84,72.91,3.01,15.74,3.59,1.66,37.3,4.26,0,0,0,5.4,33.17,0.22,,,999.0,其他,0.030817329164805715,0.03729343456900402,0,0,0,0.005863350802647851,middle_60_risk,,79
601886,江河集团,2023,2024-03-28,2024-03-28,0,0.0,0,0,0,88.0,88,3,0,0,江河集团,建筑建材,0,0,0,0,0,0,5.201586177588265,7.73,71.75,-13.15,148.72,0.43,5.6,-0.13,1.19,16.69,13.7,1,0,0,38.0,87.5,675000000.0,2024-01-23,2024-01-23,65.0,建筑建材,0.11188030370701206,0.11523001339883877,0,0,0,0.0041356896451046335,bottom_20_risk,,80
605028,世茂能源,2023,2024-03-20,2024-03-20,0,0.0,0,0,0,80.0,80,3,0,0,世茂能源,其他,0,0,0,0,0,0,1.6900958154515549,18.84,12.8,12.07,17.48,1.29,7.25,1.48,8.66,63.66,19.56,0,0,0,5.4,33.17,0.22,,,999.0,其他,0.03841000446627959,0.04332291201429209,0,0,0,0.002050358213742428,bottom_20_risk,,81
002172,澳洋健康,2021,2022-04-29,2022-04-29,0,0.0,0,0,0,119.0,119,4,1,1,澳洋健康,化纤行业,1,1,1,0,1,1,3.4604092412940015,-38.84,84.93,3.4,-7.95,-0.59,1.23,0.16,0.61,0.5,9.62,1,1,1,-94.45,-49.836666666666666,-952500000.0,2022-01-29,2022-01-29,90.0,Other,0.8481042654028436,0.8604265402843602,1,1,1,,not_test_year,2021_bad1_late1,82
002551,尚荣医疗,2022,2023-04-11,2023-04-29,1,18.0,1,0,1,101.0,119,4,1,1,尚荣医疗,医疗器械,1,1,1,0,1,1,2.9391619220655967,1.48,30.79,-21.04,-72.54,0.0536,3.75,0.29,2.19,18.22,4.15,1,1,1,-1445.79,-1135.55,-430597700.0,2023-01-20,2023-01-20,99.0,Other,0.9315068493150684,0.29840182648401825,1,1,0,,not_test_year,2022_bad1_late1,83
000537,绿发电力,2023,2024-04-30,2024-04-30,0,0.0,0,0,0,121.0,121,4,1,1,绿发电力,房地产,0,0,0,0,0,0,3.563882963939251,3.05,52.9,-59.6944,301.16,0.34,8.81,-1.7978,3.39,53.42,531.0055999999997,1,0,0,44.76,44.9325,0.49,2024-01-13,2024-01-13,108.0,房地产,0.9419383653416704,0.9537740062527914,1,1,1,0.011614837979103189,middle_60_risk,,84
603825,ST华扬,2023,2024-04-30,2024-04-30,0,0.0,0,0,0,121.0,121,4,1,1,ST华扬,其他,1,1,0,1,1,1,4.454812304399529,-33.53,77.12,-35.64,-435.1,-1.8162,5.87,2.07,1.19,11.36,46.13,1,1,1,16.285,16.384999999999998,-540000000.0,2024-01-27,2024-01-27,94.0,其他,0.9419383653416704,0.9537740062527914,1,1,1,0.9849637764076972,top_20_risk,,85
001313,粤海饲料,2023,2024-04-29,2024-04-29,0,0.0,0,0,0,120.0,120,4,1,1,粤海饲料,其他,0,0,1,0,1,0,4.275554390163365,4.31,38.66,5.45,-38.44,0.17,3.99,-0.33,1.87,9.82,9.9,1,1,1,-72.63,-69.3675,0.055,2024-01-30,2024-01-30,90.0,其他,0.8631085305940152,0.8847699866011612,1,1,1,0.9911197772968597,top_20_risk,,86
002180,奔图科技,2023,2024-04-27,2024-04-27,0,0.0,0,0,0,118.0,118,4,1,1,纳思达,电子信息,1,1,1,0,1,1,5.558949362273238,12.28,59.27,13.44,60.15,1.3227,11.21,0.8,1.53,32.61,3.49,1,1,1,-438.145,-416.6925,-2643000000.0,2024-01-31,2024-01-31,87.0,电子信息,0.7791424743188924,0.7972309066547566,1,1,1,0.994887355194293,top_20_risk,,87
002496,*ST辉丰,2023,2024-04-25,2024-04-25,0,0.0,0,0,0,116.0,116,4,1,1,*ST辉丰,农药化肥,1,1,0,0,1,1,1.3029127521808397,-20.82,43.44,-59.6944,-247.83,-0.3,1.3,-0.02,0.51,33.46,1.69,1,1,1,-17.97,-1.2974999999999994,-385000000.0,2024-01-30,2024-01-30,86.0,Other,0.572577043322912,0.582402858418937,0,0,0,0.991302780118634,top_20_risk,,88
603189,*ST网达,2023,2024-04-16,2024-04-16,0,0.0,0,0,0,107.0,107,4,1,0,网达软件,其他,1,1,1,0,1,1,1.4279160358107101,2.15,8.09,-12.6,-44.12,0.14,6.38,0.11,8.32,35.22,4.18,1,1,1,-1115.23,-737.2725,-104000000.0,2024-01-19,2024-01-19,88.0,其他,0.34769986601161235,0.3586422510049129,0,0,0,0.9974696831960137,top_20_risk,,89
002641,公元股份,2022,2023-03-31,2023-03-31,0,0.0,0,0,0,90.0,90,3,0,0,公元股份,塑料制品,0,0,1,0,1,1,4.497696327682858,11.8,39.4,26.22,-25.04,0.47,4.09,0.27,1.65,18.8,5.25,1,1,1,-86.75,-84.625,0.085,2023-01-07,2023-01-07,83.0,Other,0.20639269406392693,0.20799086757990867,0,0,0,,not_test_year,2022_bad1_late0,90
002025,航天电器,2023,2024-03-30,2024-03-30,0,0.0,0,0,0,90.0,90,3,0,0,航天电器,电子器件,0,0,0,0,0,0,4.11414718951828,10.08,34.02,16.96,13.59,1.23,12.56,0.39,2.82,33.0,3.95,0,0,0,5.4,33.17,0.22,,,999.0,电子器件,0.20477891916033944,0.21281822242072354,0,0,0,0.015842211175856085,middle_60_risk,,91
603360,百傲化学,2022,2023-04-29,2023-04-29,0,0.0,0,0,0,119.0,119,4,1,1,百傲化学,其他,0,0,0,0,0,0,2.403334996094189,25.12,37.17,34.25,12.96,1.0,4.02,0.54,1.36,46.69,3.66,1,0,0,56.36,58.0225,396330000.0,2023-01-31,2023-01-31,88.0,其他,0.9315068493150684,0.9230593607305936,1,1,1,,not_test_year,2022_bad0_late1,92
002100,天康生物,2023,2024-04-29,2024-04-29,0,0.0,0,0,0,120.0,120,4,1,1,天康生物,农林牧渔,1,1,1,0,1,1,5.141020074658817,4.07,50.26,6.47,139.95,0.21,5.84,0.24,2.0,10.48,2.65,1,1,1,-597.43,-577.7025,-1500000000.0,2024-01-31,2024-01-31,89.0,农林牧渔,0.8631085305940152,0.8847699866011612,1,1,1,0.9925529823306759,top_20_risk,,93
601360,三六零,2023,2024-04-20,2024-04-20,0,0.0,0,0,0,111.0,111,4,1,1,三六零,其他,1,1,0,0,1,1,4.566533302373173,-6.67,17.97,-12.54,-344.23,-0.31,4.44,0.08,4.66,58.8,6.46,1,1,1,61.91,70.52,-710000000.0,2024-01-31,2024-01-31,80.0,其他,0.46114336757481017,0.4714158106297454,0,0,0,0.8238246300402371,middle_60_risk,,94
000017,深中华A,2022,2023-04-25,2023-04-25,0,0.0,0,0,0,115.0,115,4,1,1,深中华A,其他,1,1,1,0,1,1,1.014831405243495,-20.04,75.35,40.21,-152.48,-0.004,0.13,0.03,1.26,7.65,19.1,1,1,1,-277.51,-58.70499999999999,-7500000.0,2023-01-31,2023-01-31,84.0,其他,0.5668949771689498,0.5616438356164384,0,0,0,,not_test_year,2022_bad1_late0,95
601872,招商轮船,2023,2024-03-28,2024-03-28,0,0.0,0,0,0,88.0,88,3,0,0,招商轮船,交通运输,0,0,0,0,0,0,5.697361906853279,17.11,48.83,21.69,40.96,0.61,4.07,0.86,2.0,21.92,16.76,0,0,0,5.4,33.17,0.22,,,999.0,交通运输,0.11188030370701206,0.11523001339883877,0,0,0,0.0033627086517142514,bottom_20_risk,,96
603895,天永智能,2023,2024-04-30,2024-04-27,1,-3.0,0,1,0,121.0,118,4,1,1,天永智能,其他,1,1,0,0,1,1,1.9139771019523042,-23.61,74.09,14.79,-1754.4394,-1.17,4.36,-1.53,1.19,15.41,0.77,1,1,1,9.395,12.2025,-117500000.0,2024-01-31,2024-01-31,87.0,其他,0.7791424743188924,0.9537740062527914,1,1,1,0.9862928983064084,top_20_risk,,97
601127,赛力斯,2022,2023-04-29,2023-04-29,0,0.0,0,0,0,119.0,119,4,1,1,赛力斯,其他,1,1,1,0,1,1,5.125034834404752,-30.7,75.86,16.89,-5.51,-1.38,5.81,-0.73,0.78,3.77,6.78,1,1,1,-104.235,-15.08333333333333,-2490450000.0,2023-01-31,2023-01-31,88.0,其他,0.9315068493150684,0.9230593607305936,1,1,1,,not_test_year,2022_bad1_late1,98
600779,水井坊,2023,2024-04-27,2024-04-27,0,0.0,0,0,0,118.0,118,4,1,1,水井坊,酿酒行业,0,0,0,0,0,0,3.865560131017805,39.96,50.93,0.88,1.4,2.4975,7.08,2.69,1.24,79.6015,0.31,1,0,0,4.0,5.0,0.22,2024-01-27,2024-01-27,91.0,Other,0.7791424743188924,0.7972309066547566,1,1,1,0.00646659506560842,middle_60_risk,,99
603338,浙江鼎力,2023,2024-04-25,2024-04-25,0,0.0,0,0,0,116.0,116,4,1,1,浙江鼎力,机械行业,0,0,0,0,0,0,4.015481713796376,19.32,40.13,10.24,42.15,2.48,13.95,1.85,2.35,31.04,2.36,1,0,0,45.97,75.16333333333334,56000000.0,2024-01-31,2024-01-31,85.0,机械行业,0.572577043322912,0.582402858418937,0,0,0,0.0016632303467329715,bottom_20_risk,,100
002530,金财互联,2023,2024-04-26,2024-04-26,0,0.0,0,0,0,117.0,117,4,1,1,金财互联,机械行业,1,1,0,0,1,1,2.580216829592325,-22.07,41.87,1.48,14.23,-0.44,1.76,0.05,1.43,23.22,2.49,1,1,1,-3.665,42.489999999999995,-116000000.0,2024-01-31,2024-01-31,86.0,机械行业,0.6569897275569451,0.6712818222420723,0,0,0,0.9518577759602155,middle_60_risk,,101
002534,西子洁能,2023,2024-03-30,2024-03-30,0,0.0,0,0,0,90.0,90,3,0,0,西子洁能,机械行业,0,0,1,0,1,1,4.30999343177405,5.59,74.18,11.64,-51.5,0.28,4.83,-0.15,1.17,15.53,3.44,1,1,1,-244.58,-156.96,-15000000.0,2024-01-31,2024-01-31,59.0,机械行业,0.20477891916033944,0.21281822242072354,0,0,0,0.9945455823882222,top_20_risk,,102
002424,ST百灵,2022,2023-04-26,2023-04-29,1,3.0,1,0,0,116.0,119,4,1,1,ST百灵,生物制药,0,0,0,0,0,0,3.4691675081014224,3.18,40.11,0.75,-22.24,0.08,2.75,0.23,1.45,59.42,1.57,1,0,0,48.945,59.8775,0.13,2023-01-31,2023-01-31,88.0,生物制药,0.9315068493150684,0.6271689497716895,1,1,0,,not_test_year,2022_bad0_late1,103
601900,南方传媒,2021,2022-04-28,2022-04-28,0,0.0,0,0,0,118.0,118,4,1,1,南方传媒,其他,0,0,0,0,0,0,4.248066578757805,12.05,40.9,5.69,3.73,0.85,7.34,0.87,1.28,31.32,3.82,0,0,0,5.4,33.17,0.22,,,999.0,其他,0.75260663507109,0.7755924170616114,1,1,1,,not_test_year,2021_bad0_late1,104
000557,西部创业,2021,2022-04-28,2022-04-28,0,0.0,0,0,0,118.0,118,4,1,1,西部创业,酿酒行业,0,0,0,0,0,0,2.298577071596507,3.39,7.030799999999999,11.99,283.29,0.1177,3.53,0.12,4.98,33.69,13.37,1,0,0,31.79,77.92333333333333,0.1605,2022-01-18,2022-01-18,100.0,Other,0.75260663507109,0.7755924170616114,1,1,1,,not_test_year,2021_bad0_late1,105
603912,佳力图,2023,2024-03-22,2024-03-22,0,0.0,0,0,0,82.0,82,3,0,0,佳力图,其他,0,0,0,0,0,0,1.9810014688665833,3.62,50.43,-6.33,-57.13,0.09,3.14,0.24,1.94,26.65,1.76,0,0,0,5.4,33.17,0.22,,,999.0,其他,0.05158552925413131,0.05560518088432336,0,0,0,0.019647547398644685,middle_60_risk,,106
000056,*ST皇庭,2023,2024-04-27,2024-04-27,0,0.0,0,0,0,118.0,118,4,1,1,皇庭国际,房地产,1,1,0,0,1,1,2.0320878452963655,-43.54,79.28,-12.09,-6.11,-1.63,1.79,0.33,0.33,68.09,2.94,1,1,1,-19.305,-10.4275,-1250000000.0,2024-01-31,2024-01-31,87.0,房地产,0.7791424743188924,0.7972309066547566,1,1,1,0.9851069780564733,top_20_risk,,107
000679,大连友谊,2023,2024-04-18,2024-04-18,0,0.0,0,0,0,109.0,109,4,1,0,大连友谊,商业百货,1,1,0,0,1,1,0.9895411936137477,-12.72,66.92,-15.24,76.77,-0.14,1.04,-0.11,0.38,22.08,3.31,1,1,1,10.06,20.886666666666667,-43000000.0,2024-01-31,2024-01-31,78.0,商业百货,0.3845466726217061,0.3945958016971862,0,0,0,0.9834749948835662,top_20_risk,,108
600903,贵州燃气,2023,2024-04-20,2024-04-20,0,0.0,0,0,0,111.0,111,4,1,1,贵州燃气,其他,0,0,0,0,0,0,4.137244396537321,0.86,64.16,21.14,-85.54,0.02,2.42,0.42,0.58,12.6,13.92,1,0,0,193.23,334.6625,70250000.0,2024-01-30,2024-01-30,81.0,其他,0.46114336757481017,0.4714158106297454,0,0,0,0.0030128008937028118,bottom_20_risk,,109
000059,华锦股份,2023,2024-04-13,2024-04-13,0,0.0,0,0,0,104.0,104,4,1,0,华锦股份,石油行业,0,0,1,0,1,1,6.197706060346835,3.69,53.72,26.95,-43.85,0.33,9.02,1.1,1.65,16.53,8.56,1,1,1,-98.965,-93.5725,0.04,2024-01-31,2024-01-31,73.0,Other,0.321572130415364,0.3329611433675748,0,0,0,0.9954074423695448,top_20_risk,,110
002074,国轩高科,2023,2024-04-20,2024-04-20,0,0.0,0,0,0,111.0,111,4,1,1,国轩高科,发电设备,0,0,0,0,0,0,5.444666262883174,1.66,66.27,122.59,206.15,0.18,13.22,0.45,1.09,17.79,3.14,1,0,0,38.82,121.23833333333333,0.535,2024-01-30,2024-01-30,81.0,发电设备,0.46114336757481017,0.4714158106297454,0,0,0,0.0047182611693434105,bottom_20_risk,,111
002315,焦点科技,2023,2024-02-23,2024-02-23,0,0.0,0,0,0,69.0,72,2,0,0,焦点科技,电子信息,0,0,0,0,0,0,2.7568403652716422,14.34,36.28,0.0005,22.6,0.9775,7.23,1.56,2.04,79.6015,16.73,1,0,0,24.835,27.475,1.2,2024-01-27,2024-01-27,27.0,电子信息,0.0013398838767306833,0.0026797677534613666,0,0,0,0.00376828381127353,bottom_20_risk,,112
001299,美能能源,2023,2024-04-10,2024-04-25,1,15.0,1,0,1,101.0,116,4,1,1,美能能源,其他,0,0,0,0,0,0,1.8718021769015913,11.78,24.09,14.68,-7.17,0.63,6.54,0.74,2.73,22.69,27.39,0,0,0,5.4,33.17,0.22,,,999.0,其他,0.572577043322912,0.28852166145600716,0,0,0,0.0058323389529524984,middle_60_risk,,113
002115,三维通信,2021,2022-04-30,2022-04-30,0,0.0,0,0,0,120.0,120,4,1,1,三维通信,电子信息,1,1,1,0,1,1,4.481645699702594,0.7,44.85,57.19,-88.92,0.0245,3.49,0.93,1.39,4.32,30.64,1,1,1,-2615.1151,-1436.8998000000001,-690000000.0,2022-01-27,2022-04-20,10.0,电子信息,0.9466824644549763,0.9507109004739337,1,1,1,,not_test_year,2021_bad1_late1,114
002536,飞龙股份,2023,2024-04-12,2024-04-12,0,0.0,0,0,0,103.0,103,4,1,0,飞龙股份,汽车制造,0,0,0,0,0,0,3.5139306516493947,3.69,47.73,4.57,-40.73,0.16,4.59,0.2,1.18,17.85,2.96,1,0,0,20.64,177.38,0.51,2024-01-05,2024-01-05,98.0,汽车制造,0.3021438142027691,0.31263957123715946,0,0,0,0.002165078137563655,bottom_20_risk,,115
603121,华培动力,2023,2024-04-25,2024-04-25,0,0.0,0,0,0,116.0,116,4,1,1,华培动力,其他,0,0,0,0,0,0,2.307572634505085,-0.75,46.3,-1.82,-112.23,-0.02,3.26,0.3,1.03,21.41,2.94,1,0,0,406.95879999999994,990.7224166666657,44000000.0,2024-01-25,2024-01-25,91.0,其他,0.572577043322912,0.582402858418937,0,0,0,0.002532085545354506,bottom_20_risk,,116
002629,仁智股份,2021,2022-03-21,2022-03-21,0,0.0,0,0,0,80.0,80,3,0,0,仁智股份,石油行业,1,1,1,0,1,1,0.9861519904409537,-34.18,91.37,11.5,-150.71,-0.036,0.0921,-0.05,0.64,15.69,8.59,1,1,1,-15.275,0.7549999999999999,-29000000.0,2022-03-16,2022-03-16,9.09,Other,0.06919431279620854,0.07251184834123223,0,0,0,,not_test_year,2021_bad1_late0,117
603556,海兴电力,2023,2024-04-16,2024-04-16,0,0.0,0,0,0,107.0,107,4,1,0,海兴电力,其他,0,0,0,0,0,0,3.529297384289471,11.72,25.74,22.99,111.71,1.36,12.22,1.38,4.3,38.23,2.6,0,0,0,5.4,33.17,0.22,,,999.0,其他,0.34769986601161235,0.3586422510049129,0,0,0,0.010080168515389561,middle_60_risk,,118
001269,欧晶科技,2023,2024-04-27,2024-04-27,0,0.0,0,0,0,118.0,118,4,1,1,欧晶科技,其他,0,0,0,0,0,0,2.73046379593911,34.07,43.13,69.01,78.66,1.4306,8.31,0.02,1.92,27.88,13.52,1,0,0,167.675,169.1225,3.355,2024-01-27,2024-01-27,91.0,其他,0.7791424743188924,0.7972309066547566,1,1,1,0.0020215078287628167,bottom_20_risk,,119
603123,翠微股份,2023,2024-04-30,2024-04-30,0,0.0,0,0,0,121.0,121,4,1,1,翠微股份,商业百货,1,1,0,0,1,1,3.7052448082002005,-12.04,57.05,13.41,-365.61,-0.55,4.27,0.31,1.05,26.81,13.45,1,1,1,-1051.25,-538.2675,-550000000.0,2024-01-25,2024-01-25,96.0,商业百货,0.9419383653416704,0.9537740062527914,1,1,1,0.9987383503759472,top_20_risk,,120
605001,威奥股份,2023,2024-04-18,2024-04-18,0,0.0,0,0,0,109.0,109,4,1,0,威奥股份,其他,0,0,0,0,0,0,2.1938856760707046,-4.46,43.5,29.58,44.93,-0.29,6.36,-0.26,1.75,16.95,0.87,1,1,1,85.49,207.345,-22132350.0,2024-01-31,2024-01-31,78.0,其他,0.3845466726217061,0.3945958016971862,0,0,0,0.2787415165205226,middle_60_risk,,121
601838,成都银行,2023,2024-04-25,2024-04-25,0,0.0,0,0,0,116.0,116,4,1,1,成都银行,其他,0,0,0,0,0,0,5.315223646614395,19.48,93.31,13.14,28.24,2.69,14.81,2.59,,,,0,0,0,5.4,33.17,0.22,,,999.0,其他,0.572577043322912,0.582402858418937,0,0,0,0.003983588247385301,bottom_20_risk,,122
603335,迪生力,2023,2024-04-10,2024-04-09,1,-1.0,0,1,0,101.0,100,4,1,0,迪生力,其他,1,1,1,0,1,1,2.87751164216656,-6.72,60.31,28.63,-215.31,-0.09,1.19,-0.26,1.21,13.56,3.04,1,1,1,-489.02,-385.72249999999997,-147000000.0,2024-01-31,2024-01-31,69.0,其他,0.26574363555158553,0.28852166145600716,0,0,0,0.9952623361349455,top_20_risk,,123
601231,环旭电子,2023,2024-04-02,2024-04-02,0,0.0,0,0,0,93.0,93,4,1,0,环旭电子,电子器件,0,0,0,0,0,0,6.531110836682166,21.43,59.17,23.9,64.69,1.4,6.95,1.56,1.65,10.49,6.15,0,0,0,5.4,33.17,0.22,,,999.0,电子器件,0.2396158999553372,0.25279142474318894,0,0,0,0.003627570566884958,bottom_20_risk,,124
600812,华北制药,2023,2024-03-30,2024-03-30,0,0.0,0,0,0,90.0,90,3,0,0,华北制药,生物制药,0,0,0,0,0,0,4.663439094112067,-12.11,70.65,1.11,-1754.4394,-0.402,3.09,0.59,0.72,33.38,2.85,1,1,1,93.17,96.95,-50000000.0,2024-01-27,2024-01-27,63.0,生物制药,0.20477891916033944,0.21281822242072354,0,0,0,0.16691139644740352,middle_60_risk,,125
002623,亚玛顿,2021,2022-03-30,2022-03-30,0,0.0,0,0,0,89.0,89,3,0,0,亚玛顿,玻璃行业,0,0,1,0,1,1,2.946016681308058,6.2,41.84,52.22,241.93,0.86,14.66,1.51,1.5,15.96,11.77,1,1,1,-70.12,-61.8275,0.355,2022-01-29,2022-01-29,60.0,Other,0.17582938388625594,0.18293838862559242,0,0,0,,not_test_year,2021_bad1_late0,126
600996,贵广网络,2023,2024-04-27,2024-04-27,0,0.0,0,0,0,118.0,118,4,1,1,贵广网络,其他,1,1,1,1,1,1,3.643882088183201,0.26,67.37,33.76,102.56,0.01,4.39,0.27,0.63,12.2,14.24,1,1,1,-2554.3622,-1860.5898,-1265000000.0,2024-01-31,2024-01-31,87.0,其他,0.7791424743188924,0.7972309066547566,1,1,1,0.9959043592437367,top_20_risk,,127
002205,国统股份,2023,2024-04-20,2024-04-27,1,7.0,1,0,0,111.0,118,4,1,1,国统股份,建筑建材,1,1,1,1,1,1,1.9740810260220096,-12.46,78.13,-46.12,-1293.99,-0.5521,4.15,0.3,0.57,19.21,3.82,1,1,1,-176.07,-95.62125,-235000000.0,2024-01-31,2024-01-31,87.0,建筑建材,0.7791424743188924,0.4714158106297454,1,1,0,0.9833125456014747,top_20_risk,,128
603927,中科软,2022,2023-04-18,2023-04-14,1,-4.0,0,1,0,108.0,104,4,1,0,中科软,其他,0,0,0,0,0,0,4.155909917880256,23.43,61.98,8.65,21.15,0.9728,4.41,0.58,1.55,29.52,9.54,0,0,0,5.4,33.17,0.22,,,999.0,其他,0.33835616438356164,0.3858447488584475,0,0,0,,not_test_year,2022_bad0_late0,129
000702,正虹科技,2023,2024-04-09,2024-04-09,0,0.0,0,0,0,100.0,100,4,1,0,正虹科技,农林牧渔,1,1,0,0,1,1,2.534490149976828,-40.15,85.28,-18.89,48.29,-0.435,0.86,-0.3,0.53,1.45,5.11,1,1,1,-12.085,-6.7225,-130000000.0,2024-01-31,2024-01-31,69.0,农林牧渔,0.26574363555158553,0.2766860205448861,0,0,0,0.9877552359140492,top_20_risk,,130
002394,联发股份,2023,2024-04-25,2024-04-30,1,5.0,1,0,0,116.0,121,4,1,1,联发股份,纺织行业,0,0,0,0,0,0,3.7628266990660193,4.12,31.87,7.97,-12.29,0.49,12.31,1.39,2.37,14.13,4.2,0,0,0,5.4,33.17,0.22,,,999.0,Other,0.9419383653416704,0.582402858418937,1,1,0,0.030032989190197566,middle_60_risk,,131
002323,*ST雅博,2023,2024-03-30,2024-03-30,0,0.0,0,0,0,90.0,90,3,0,0,雅博股份,发电设备,1,1,1,0,1,1,2.0794415416798357,4.86,42.87,167.3905999999995,103.21,0.01,0.31,-0.16,1.93,26.84,261.57,1,1,1,-210.67,-131.30499999999998,-35000000.0,2024-01-31,2024-01-31,59.0,发电设备,0.20477891916033944,0.21281822242072354,0,0,0,0.9714849442411627,top_20_risk,,132
001965,招商公路,2023,2024-04-03,2024-04-03,0,0.0,0,0,0,94.0,94,4,1,0,招商公路,其他,0,0,0,0,0,0,4.430459592195472,8.52,41.12,-3.81,-2.24,0.7528,8.8,0.63,1.24,35.06,20.42,0,0,0,5.4,33.17,0.22,,,999.0,其他,0.2505582849486378,0.2626172398392139,0,0,0,0.01008296424216266,middle_60_risk,,133
002640,跨境通,2023,2024-03-30,2024-03-30,0,0.0,0,0,0,90.0,90,3,0,0,跨境通,服装鞋类,1,1,1,0,1,1,4.297829475873126,1.23,63.66,-17.73,-97.33,0.0115,0.93,-0.07,1.07,11.45,15.9,1,1,1,-164.455,-89.53750000000001,-80000000.0,2024-01-31,2024-01-31,59.0,服装鞋类,0.20477891916033944,0.21281822242072354,0,0,0,0.9851281231865302,top_20_risk,,134
000913,钱江摩托,2023,2024-04-18,2024-04-18,0,0.0,0,0,0,109.0,109,4,1,0,钱江摩托,摩托车,0,0,0,0,0,0,4.051437061210824,12.98,47.82,31.07,74.89,0.9162,7.45,2.22,1.7,27.15,3.48,0,0,0,5.4,33.17,0.22,,,999.0,Other,0.3845466726217061,0.3945958016971862,0,0,0,0.013086516245041499,middle_60_risk,,135
002236,大华股份,2021,2022-04-23,2022-04-23,0,0.0,0,0,0,113.0,113,4,1,1,大华股份,仪器仪表,0,0,0,0,0,0,5.582217295704357,22.09,44.79,1.21,22.42,1.34,6.6,1.47,1.99,42.7,3.46,0,0,0,5.4,33.17,0.22,,,999.0,Other,0.5533175355450237,0.5791469194312796,0,0,0,,not_test_year,2021_bad0_late0,136
600794,保税科技,2023,2024-03-30,2024-03-30,0,0.0,0,0,0,90.0,90,3,0,0,保税科技,交通运输,0,0,0,0,0,0,2.667922410011431,7.14,30.82,-28.32,62.17,0.14,1.92,0.42,1.91,24.99,11.35,1,0,0,56.0,61.75,234000000.0,2024-01-12,2024-01-12,78.0,交通运输,0.20477891916033944,0.21281822242072354,0,0,0,0.00346296451486643,bottom_20_risk,,137
603216,梦天家居,2023,2024-04-29,2024-04-29,0,0.0,0,0,0,120.0,120,4,1,1,梦天家居,其他,0,0,1,0,1,0,2.7006898466959175,13.18,22.91,-8.6,20.43,0.99,7.91,0.58,3.1,31.93,9.49,1,1,0,-56.5,-56.5,80896700.0,2024-01-30,2024-01-30,90.0,其他,0.8631085305940152,0.8847699866011612,1,1,1,0.9060743445448158,middle_60_risk,,138
000726,鲁泰A,2023,2024-04-12,2024-04-12,0,0.0,0,0,0,103.0,103,4,1,0,鲁  泰Ａ,纺织行业,0,0,1,0,1,0,4.253909131893439,11.31,29.53,32.46,177.28,1.1,10.07,1.6,2.99,25.71,2.31,1,1,0,-55.39,-52.865,0.51,2024-01-31,2024-01-31,72.0,Other,0.3021438142027691,0.31263957123715946,0,0,0,0.9523188059784242,middle_60_risk,,139
603322,超讯通信,2021,2022-04-22,2022-04-30,1,8.0,1,0,0,112.0,120,4,1,1,超讯通信,其他,1,1,1,0,1,1,2.7587433154177283,9.87,70.87,16.65,142.43,0.25,2.69,0.52,1.1,19.76,13.91,1,1,1,-2615.1151,-1436.8998000000001,-260000000.0,2022-01-29,2022-01-29,91.0,其他,0.9466824644549763,0.5338862559241706,1,1,0,,not_test_year,2021_bad1_late1,140
000981,山子高科,2021,2022-04-30,2022-04-30,0,0.0,0,0,0,120.0,120,4,1,1,山子高科,房地产,1,1,1,1,1,1,4.389498649512583,-18.29,72.34,12.93,84.84,-0.27,1.33,0.13,0.59,18.03,1.33,1,1,1,-93.105,-77.64,-2450000000.0,2022-01-29,2022-01-29,91.0,房地产,0.9466824644549763,0.9507109004739337,1,1,1,,not_test_year,2021_bad1_late1,141
603886,元祖股份,2023,2024-03-26,2024-03-26,0,0.0,0,0,0,86.0,86,3,0,0,元祖股份,其他,0,0,0,0,0,0,3.2910104226273997,16.97,48.38,0.11,-21.62,1.11,6.76,2.32,1.38,60.14,14.86,0,0,0,5.4,33.17,0.22,,,999.0,其他,0.07771326485037963,0.08106297454220635,0,0,0,0.003192731251144278,bottom_20_risk,,142
603916,苏博特,2021,2022-04-30,2022-04-16,1,-14.0,0,1,0,120.0,106,4,1,0,苏博特,其他,0,0,0,0,0,0,3.624874124138024,16.16,41.29,10.45,24.4,1.16,9.89,0.95,1.7,38.29,8.99,1,0,0,20.0,20.0,528921200.0,2022-01-05,2022-01-05,101.0,其他,0.39976303317535544,0.9507109004739337,0,0,1,,not_test_year,2021_bad0_late0,143
002430,杭氧股份,2023,2024-03-28,2024-03-28,0,0.0,0,0,0,88.0,88,3,0,0,杭氧股份,机械行业,0,0,0,0,0,0,4.860044935463755,15.79,53.43,7.79,1.37,1.25,8.21,1.46,1.65,25.49,4.24,0,0,0,5.4,33.17,0.22,,,999.0,机械行业,0.11188030370701206,0.11523001339883877,0,0,0,0.0038546556915436455,bottom_20_risk,,144
000757,浩物股份,2023,2024-04-26,2024-04-26,0,0.0,0,0,0,117.0,117,4,1,1,浩物股份,汽车制造,1,1,1,0,1,1,3.5782271840103412,-3.74,36.08,-23.24,-175.83,-0.1,2.69,0.36,1.92,9.36,5.32,1,1,1,-109.26,-61.74333333333334,-143500000.0,2024-01-27,2024-01-27,90.0,汽车制造,0.6569897275569451,0.6712818222420723,0,0,0,0.991814324074692,top_20_risk,,145
601225,陕西煤业,2023,2024-04-26,2024-04-26,0,0.0,0,0,0,117.0,117,4,1,1,陕西煤业,煤炭行业,0,0,0,0,0,0,7.420267479677332,35.28,35.93,9.55,64.35,3.63,10.59,5.79,1.62,44.99,29.16,0,0,0,5.4,33.17,0.22,,,999.0,Other,0.6569897275569451,0.6712818222420723,0,0,0,0.007261646993650868,middle_60_risk,,146
002110,三钢闽光,2023,2024-04-26,2024-04-26,0,0.0,0,0,0,117.0,117,4,1,1,三钢闽光,钢铁行业,1,1,1,0,1,1,6.2491641025638,0.63,53.78,-17.68,-96.5,0.06,8.68,-0.37,0.84,5.53,15.96,1,1,1,-681.76,-479.93,-663620000.0,2024-01-30,2024-01-30,87.0,钢铁行业,0.6569897275569451,0.6712818222420723,0,0,0,0.9968055313713385,top_20_risk,,147
002049,紫光国微,2023,2024-04-11,2024-04-18,1,7.0,1,0,0,102.0,109,4,1,0,紫光国微,电子器件,0,0,0,0,0,0,4.279440045898781,31.06,36.23,33.28,34.71,3.0978,11.21,2.03,3.52,63.8,1.5,0,0,0,5.4,33.17,0.22,,,999.0,电子器件,0.3845466726217061,0.29834747655203214,0,0,0,0.0071771691233425685,middle_60_risk,,148
600790,轻纺城,2023,2024-04-11,2024-04-11,0,0.0,0,0,0,102.0,102,4,1,0,轻纺城,商业百货,0,0,1,0,1,1,2.2192034840549946,19.31,39.2,-11.55,174.73,0.81,4.25,0.11,0.7,56.45,,1,1,1,-80.2,-41.8275,220000000.0,2024-01-26,2024-01-26,76.0,商业百货,0.28829834747655203,0.29834747655203214,0,0,0,0.975098781287807,top_20_risk,,149
601231,环旭电子,2022,2023-04-04,2023-04-04,0,0.0,0,0,0,94.0,94,4,1,0,环旭电子,电子器件,0,0,0,0,0,0,6.317164686747284,14.83,63.51,15.94,6.81,0.85,5.73,-0.5,1.62,9.62,6.33,1,0,0,23.93,54.64333333333334,2503300000.000004,2023-01-18,2023-01-18,76.0,电子器件,0.25730593607305935,0.25639269406392695,0,0,0,,not_test_year,2022_bad0_late0,150
002099,海翔药业,2021,2022-04-30,2022-04-23,1,-7.0,0,1,0,120.0,113,4,1,1,海翔药业,生物制药,0,0,1,0,1,0,3.246880021277798,5.79,18.48,-15.98,-58.52,0.2,3.62,0.33,2.74,45.42,1.72,1,1,1,-76.74,-70.7775,0.07,2022-01-29,2022-01-29,84.0,生物制药,0.5533175355450237,0.9507109004739337,0,0,1,,not_test_year,2021_bad1_late0,151
603093,南华期货,2023,2024-03-09,2024-03-09,0,0.0,0,0,0,69.0,72,3,0,0,南华期货,其他,0,0,0,0,0,0,4.237434294689934,7.75,90.27,-35.11,1.01,0.4033,5.44,2.05,,,,1,0,0,60.53,64.16833333333334,0.6475,2024-01-19,2024-01-19,50.0,其他,0.007815989280928986,0.011612326931665922,0,0,0,0.0013222325861209617,bottom_20_risk,,152
002109,ST兴化,2023,2024-04-26,2024-04-26,0,0.0,0,0,0,117.0,117,4,1,1,兴化股份,化工行业,1,1,1,0,1,1,3.5139306516493947,8.63,6.899,14.82,-28.31,0.3667,4.46,0.28,7.45,18.96,23.93,1,1,1,-197.92,-197.83749999999998,-385000000.0,2024-01-31,2024-01-31,86.0,化工行业,0.6569897275569451,0.6712818222420723,0,0,0,0.9952490350453833,top_20_risk,,153
601369,陕鼓动力,2021,2022-04-28,2022-04-28,0,0.0,0,0,0,118.0,118,4,1,1,陕鼓动力,机械行业,0,0,0,0,0,0,4.402441819416474,10.18,67.91,10.42,13.55,0.4115,4.15,0.7,1.31,21.9,2.55,1,0,0,25.56,28.349999999999998,676875000.0,2022-01-28,2022-01-28,90.0,机械行业,0.75260663507109,0.7755924170616114,1,1,1,,not_test_year,2021_bad0_late1,154
603879,永悦科技,2023,2024-04-30,2024-04-30,0,0.0,0,0,0,121.0,121,4,1,1,永悦科技,其他,1,1,1,0,1,1,1.3762440252663892,-7.83,7.9,-25.21,-708.36,-0.1096,1.39,0.05,9.18,6.18,10.0,1,1,1,-73.55,-63.294999999999995,-63800000.0,2024-01-31,2024-01-31,90.0,其他,0.9419383653416704,0.9537740062527914,1,1,1,0.993083876486304,top_20_risk,,155
002302,西部建设,2023,2024-04-03,2024-04-03,0,0.0,0,0,0,94.0,94,4,1,0,西部建设,水泥行业,0,0,0,0,0,0,5.52134091066167,6.01,68.68,-7.69,-34.25,0.4196,7.1,0.24,1.38,10.51,60.51,1,0,0,10.85,11.035,0.46725,2024-01-25,2024-01-25,69.0,Other,0.2505582849486378,0.2626172398392139,0,0,0,0.004204876892708961,bottom_20_risk,,156
002612,朗姿股份,2021,2022-04-23,2022-04-23,0,0.0,0,0,0,113.0,113,4,1,1,朗姿股份,服装鞋类,0,0,0,0,0,0,3.393165209964891,4.78,30.21,-4.35,141.65,0.3224,6.69,0.86,1.89,54.15,1.37,0,0,0,5.4,33.17,0.22,,,999.0,服装鞋类,0.5533175355450237,0.5791469194312796,0,0,0,,not_test_year,2021_bad0_late0,157
605069,正和生态,2023,2024-04-30,2024-04-30,0,0.0,0,0,0,121.0,121,4,1,1,正和生态,其他,1,1,0,1,1,1,1.5040773967762742,-20.32,61.69,-59.6944,-414.85,-1.6,6.98,-0.85,1.5,28.13,106.69,1,1,1,-17.95,-17.35,-400000000.0,2024-01-31,2024-01-31,90.0,其他,0.9419383653416704,0.9537740062527914,1,1,1,0.9927730816673862,top_20_risk,,158
601369,陕鼓动力,2023,2024-04-18,2024-04-18,0,0.0,0,0,0,109.0,109,4,1,0,陕鼓动力,机械行业,0,0,0,0,0,0,4.688223741123377,12.51,68.53,3.91,12.96,0.5718,4.72,0.53,1.4,22.04,3.29,0,0,0,5.4,33.17,0.22,,,999.0,机械行业,0.3845466726217061,0.3945958016971862,0,0,0,0.00794725585468428,middle_60_risk,,159
600782,新钢股份,2021,2022-04-26,2022-04-26,0,0.0,0,0,0,116.0,116,4,1,1,新钢股份,钢铁行业,0,0,0,0,0,0,6.586337158399587,11.93,53.76,25.06,-20.91,0.85,7.37,1.12,1.04,5.92,12.49,1,0,0,57.5,60.9775,4023548383.999988,2022-01-28,2022-01-28,88.0,钢铁行业,0.6158767772511848,0.6436018957345971,0,0,0,,not_test_year,2021_bad0_late0,160
603486,科沃斯,2023,2024-04-27,2024-04-27,0,0.0,0,0,0,118.0,118,4,1,1,科沃斯,其他,0,0,1,0,1,0,5.038574662785497,30.46,51.69,17.11,-15.51,3.02,11.01,3.01,1.92,51.61,2.79,1,1,1,-70.73,-66.52250000000001,476000000.0,2024-01-31,2024-01-31,87.0,其他,0.7791424743188924,0.7972309066547566,1,1,1,0.9842446863636457,top_20_risk,,161
603979,金诚信,2023,2024-04-26,2024-04-26,0,0.0,0,0,0,117.0,117,4,1,1,金诚信,其他,0,0,0,0,0,0,3.9991177122790798,10.69,45.09,18.9,29.77,1.02,9.88,1.59,1.99,26.84,3.99,1,0,0,63.72,64.27,1002900000.0,2024-01-23,2024-01-23,94.0,其他,0.6569897275569451,0.6712818222420723,0,0,0,0.0024961147842437735,bottom_20_risk,,162
000031,大悦城,2023,2024-04-27,2024-04-27,0,0.0,0,0,0,118.0,118,4,1,1,大悦城,房地产,1,1,0,0,1,1,5.9834071734802485,-16.84,77.85,-7.12,-1754.4394,-0.67,3.59,0.63,1.52,24.06,0.3,1,1,1,-28.61,9.677500000000002,-2643000000.0,2024-01-31,2024-01-31,87.0,房地产,0.7791424743188924,0.7972309066547566,1,1,1,0.9888302628414752,top_20_risk,,163
002412,汉森制药,2023,2024-04-27,2024-04-27,0,0.0,0,0,0,118.0,118,4,1,1,汉森制药,生物制药,0,0,0,0,0,0,2.318458442150336,9.22,17.32,2.72,24.3,0.3331,3.76,0.29,2.28,72.07,1.46,0,0,0,5.4,33.17,0.22,,,999.0,生物制药,0.7791424743188924,0.7972309066547566,1,1,1,0.013101161011927077,middle_60_risk,,164
000757,浩物股份,2022,2023-04-21,2023-04-21,0,0.0,0,0,0,111.0,111,4,1,1,浩物股份,汽车制造,1,1,1,0,1,1,3.8360055190042304,4.97,36.75,10.91,64.2,0.13,2.69,0.2,1.87,10.92,6.51,1,1,1,-203.885,-190.6225,-75000000.0,2023-03-25,2023-03-25,27.0,汽车制造,0.47420091324200914,0.46735159817351596,0,0,0,,not_test_year,2022_bad1_late0,165
002043,兔宝宝,2021,2022-04-28,2022-04-28,0,0.0,0,0,0,118.0,118,4,1,1,兔 宝 宝,建筑建材,0,0,0,0,0,0,4.184489912073446,22.59,60.82,39.59,2.14,0.54,2.4,1.05,1.15,18.97,9.27,1,0,0,39.295,390.8866666666666,0.98,2022-01-28,2022-01-28,90.0,建筑建材,0.75260663507109,0.7755924170616114,1,1,1,,not_test_year,2021_bad0_late1,166
605228,神通科技,2021,2022-04-29,2022-04-29,0,0.0,0,0,0,119.0,119,4,1,1,神通科技,其他,0,0,0,0,0,0,2.7638002162067017,12.8,48.81,-6.53,3.0,0.35,2.88,0.69,1.23,23.04,4.28,0,0,0,5.4,33.17,0.22,,,999.0,其他,0.8481042654028436,0.8604265402843602,1,1,1,,not_test_year,2021_bad0_late1,167
000401,金隅冀东,2023,2024-03-28,2024-03-28,0,0.0,0,0,0,88.0,88,3,0,0,金隅冀东,水泥行业,1,1,1,0,1,1,5.847709643462844,4.39,47.43,-4.94,-51.69,0.513,11.44,0.85,1.19,20.48,7.35,1,1,1,-247.345,-227.0725,-1650000000.0,2024-01-31,2024-01-31,57.0,Other,0.11188030370701206,0.11523001339883877,0,0,0,0.9893650884766345,top_20_risk,,168
002632,道明光学,2021,2022-04-26,2022-04-26,0,0.0,0,0,0,116.0,116,4,1,1,道明光学,化工行业,0,0,1,0,1,0,2.614471854142644,8.45,33.09,-9.0,-14.65,0.27,3.22,1.25,1.77,38.53,0.93,1,1,1,-73.44,-69.13749999999999,0.095,2022-01-22,2022-01-22,94.0,化工行业,0.6158767772511848,0.6436018957345971,0,0,0,,not_test_year,2021_bad1_late0,169
002539,云图控股,2023,2024-04-13,2024-04-13,0,0.0,0,0,0,104.0,104,4,1,0,云图控股,农药化肥,0,0,0,0,0,0,5.327973251455547,29.87,58.52,37.62,21.13,1.48,6.36,0.71,1.07,15.22,5.75,0,0,0,5.4,33.17,0.22,,,999.0,Other,0.321572130415364,0.3329611433675748,0,0,0,0.004060558766322889,bottom_20_risk,,170
603377,ST东时,2023,2024-04-19,2024-04-30,1,11.0,1,0,0,110.0,121,4,1,1,ST东时,其他,1,1,1,0,1,1,2.3978952727983707,-2.83,55.77,-16.55,-144.86,-0.08,2.87,0.22,0.57,42.73,4.23,1,1,1,-624.17,-569.1075,-323900000.0,2024-01-31,2024-01-31,90.0,其他,0.9419383653416704,0.4276462706565431,1,1,0,0.99184312635108,top_20_risk,,171
000016,*ST康佳A,2023,2024-04-02,2024-04-02,0,0.0,0,0,0,93.0,93,4,1,0,深康佳Ａ,家电行业,1,1,0,1,1,1,5.694001462801095,-17.58,77.74,-39.71,-262.42,-0.6107,3.17,-0.22,1.18,2.77,6.79,1,1,1,-41.02,-30.5425,-2643000000.0,2024-01-31,2024-01-31,62.0,Other,0.2396158999553372,0.25279142474318894,0,0,0,0.9881606417063481,top_20_risk,,172
002415,海康威视,2022,2023-04-15,2023-04-15,0,0.0,0,0,0,105.0,105,4,1,0,海康威视,仪器仪表,0,0,0,0,0,0,6.703433481908515,28.99,37.04,28.21,25.51,1.81,6.8,1.36,2.58,44.33,3.08,0,0,0,5.4,33.17,0.22,,,999.0,Other,0.3547945205479452,0.35547945205479453,0,0,0,,not_test_year,2022_bad0_late0,173
603408,建霖家居,2023,2024-03-30,2024-03-30,0,0.0,0,0,0,90.0,90,3,0,0,建霖家居,其他,0,0,0,0,0,0,3.7579389900454307,16.9,34.71,-11.16,21.72,1.03,6.4,1.82,2.02,24.28,4.82,0,0,0,5.4,33.17,0.22,,,999.0,其他,0.20477891916033944,0.21281822242072354,0,0,0,0.0021331003566188384,bottom_20_risk,,174
603369,今世缘,2023,2024-04-30,2024-04-30,0,0.0,0,0,0,121.0,121,4,1,1,今世缘,酿酒行业,0,0,0,0,0,0,4.380525508547614,24.73,39.15,23.09,23.34,2.0074,8.82,2.22,1.68,76.59,0.52,1,0,0,27.41,27.41,1275000000.0,2023-12-29,2023-12-29,123.0,Other,0.9419383653416704,0.9537740062527914,1,1,1,0.003073513492315354,bottom_20_risk,,175
605128,上海沿浦,2023,2024-03-29,2024-03-29,0,0.0,0,0,0,89.0,89,3,0,0,上海沿浦,其他,0,0,0,0,0,0,2.503073953743449,4.35,47.71,35.72,-35.1,0.57,13.32,0.63,1.88,13.15,6.33,1,0,0,106.4,144.375,90315000.0,2024-01-16,2024-01-16,73.0,其他,0.1498436802143814,0.1527467619472979,0,0,0,0.0022515258924618005,bottom_20_risk,,176
000555,神州信息,2022,2023-03-31,2023-03-31,0,0.0,0,0,0,90.0,90,3,0,0,神州信息,电子信息,0,0,0,0,0,0,4.7410987032123355,6.58,51.49,6.27,-20.92,0.3862,6.04,0.38,1.53,17.09,3.24,0,0,0,5.4,33.17,0.22,,,999.0,电子信息,0.20639269406392693,0.20799086757990867,0,0,0,,not_test_year,2022_bad0_late0,177
600986,浙文互联,2022,2023-04-29,2023-04-25,1,-4.0,0,1,0,119.0,115,4,1,1,浙文互联,建筑建材,0,0,1,0,1,0,4.9693965460796585,7.76,47.17,54.35,211.98,0.22,2.98,-0.46,1.75,5.78,47.39,1,1,1,-74.35,-74.305,63380600.0,2023-01-31,2023-01-31,84.0,建筑建材,0.5668949771689498,0.9230593607305936,0,0,1,,not_test_year,2022_bad1_late0,178
000975,山金国际,2023,2024-03-23,2024-03-23,0,0.0,0,0,0,83.0,83,3,0,0,山金国际,其他,0,0,0,0,0,0,4.4405313640464446,10.58,21.57,-7.29,-11.78,0.4046,3.93,0.72,1.91,24.81,5.28,0,0,0,5.4,33.17,0.22,,,999.0,其他,0.06297454220634212,0.06565430995980348,0,0,0,0.004246044251326132,bottom_20_risk,,179
002355,兴民智通,2023,2024-04-30,2024-04-30,0,0.0,0,0,0,121.0,121,4,1,1,兴民智通,汽车制造,1,1,0,0,1,1,2.2192034840549946,-31.58,46.59,-42.18,4.79,-0.84,2.24,0.07,0.78,-8.24,1.53,1,1,1,42.295,45.010000000000005,-325500000.0,2024-01-31,2024-01-31,90.0,汽车制造,0.9419383653416704,0.9537740062527914,1,1,1,0.9865828205796305,top_20_risk,,180
002166,莱茵生物,2023,2024-04-27,2024-04-10,1,-17.0,0,1,0,118.0,101,4,1,0,莱茵生物,生物制药,0,0,1,0,1,1,2.7087166456453704,7.76,30.12,32.99,50.91,0.29,4.13,-0.35,2.51,30.8,1.21,1,1,1,-80.0,-65.0,0.1204,2024-01-30,2024-01-30,71.0,生物制药,0.2780259044216168,0.7972309066547566,0,0,1,0.9746371715093995,top_20_risk,,181
002286,保龄宝,2023,2024-02-07,2024-02-07,0,0.0,0,0,0,69.0,72,2,0,0,保龄宝,食品行业,0,0,1,0,1,0,3.3368366225017656,6.98,33.32,-1.89,-33.94,0.36,5.39,0.08,1.31,11.53,7.74,1,1,1,-71.79,-65.62,0.1456,2024-01-27,2024-01-27,11.0,食品行业,0.00044662795891022776,0.0013398838767306833,0,0,0,0.9948480510909616,top_20_risk,,182
002027,分众传媒,2021,2022-03-31,2022-04-29,1,29.0,1,0,1,90.0,119,4,1,1,分众传媒,电子信息,0,0,0,0,0,0,4.8037751128551465,26.16,20.21,-0.32,113.51,0.2774,1.16,0.36,2.72,63.24,529.4547999999976,1,0,0,52.525,52.565,0.4231,2021-10-30,2021-10-30,181.0,电子信息,0.8481042654028436,0.24218009478672986,1,1,0,,not_test_year,2021_bad0_late1,183
601399,国机重装,2023,2024-04-24,2024-04-24,0,0.0,0,0,0,115.0,115,4,1,1,国机重装,其他,0,0,0,0,0,0,4.5803650670691205,3.07,50.63,1.55,2.2,0.0558,1.86,0.21,1.84,14.35,2.63,0,0,0,5.4,33.17,0.22,,,999.0,其他,0.5386333184457347,0.547119249665029,0,0,0,0.014530542541345958,middle_60_risk,,184
002279,久其软件,2023,2024-04-26,2024-04-26,0,0.0,0,0,0,117.0,117,4,1,1,久其软件,电子信息,1,1,1,0,1,1,3.4005304926744517,5.04,33.88,6.97,139.4,0.0715,2.03,0.21,2.06,30.53,26.15,1,1,1,-535.47,-302.65500000000003,-185000000.0,2024-01-20,2024-01-20,97.0,电子信息,0.6569897275569451,0.6712818222420723,0,0,0,0.9977613761455746,top_20_risk,,185
600983,惠而浦,2022,2023-04-28,2023-04-28,0,0.0,0,0,0,118.0,118,4,1,1,惠而浦,家电行业,0,0,0,0,0,0,3.9182038645032273,-18.08,50.24,-0.26,-293.41,-0.77,3.86,-0.45,1.42,9.62,7.93,1,0,0,104.585,106.7075,27000000.0,2023-01-31,2023-01-31,87.0,Other,0.8015981735159817,0.7915525114155251,1,1,1,,not_test_year,2022_bad0_late1,186
605555,德昌股份,2023,2024-04-26,2024-04-26,0,0.0,0,0,0,117.0,117,4,1,1,德昌股份,其他,0,0,0,0,0,0,3.0145540277945786,12.39,32.72,-31.8,-0.71,0.8,9.54,1.3,2.52,17.79,5.42,0,0,0,5.4,33.17,0.22,,,999.0,其他,0.6569897275569451,0.6712818222420723,0,0,0,0.003996476924515198,bottom_20_risk,,187
601689,拓普集团,2021,2022-04-15,2022-04-15,0,0.0,0,0,0,105.0,105,4,1,0,拓普集团,汽车制造,0,0,0,0,0,0,4.191320021345486,8.29,35.47,21.5,37.7,0.6,7.38,1.07,1.33,22.69,3.67,1,0,0,75.0,79.25,1055000000.0,2022-01-13,2022-01-13,92.0,汽车制造,0.36824644549763036,0.38933649289099526,0,0,0,,not_test_year,2021_bad0_late0,188
002657,中科金财,2023,2024-04-26,2024-04-26,0,0.0,0,0,0,117.0,117,4,1,1,中科金财,电子信息,1,1,0,0,1,1,2.5900171341906173,-8.12,26.64,-23.23,-81.83,-0.5,5.9,0.25,2.51,21.31,1.77,1,1,1,40.235,41.1975,-114000000.0,2024-01-23,2024-01-23,94.0,电子信息,0.6569897275569451,0.6712818222420723,0,0,0,0.9682580933350731,middle_60_risk,,189
002230,科大讯飞,2022,2023-04-21,2023-04-21,0,0.0,0,0,0,111.0,111,4,1,1,科大讯飞,电子信息,0,0,1,0,1,0,5.2156963378597,10.93,44.78,40.61,14.13,0.7,7.22,0.38,1.63,41.13,4.48,1,1,0,-65.0,-37.5,0.235,2023-01-30,2023-01-30,81.0,电子信息,0.47420091324200914,0.46735159817351596,0,0,0,,not_test_year,2022_bad1_late0,190
601018,宁波港,2021,2022-03-30,2022-03-30,0,0.0,0,0,0,89.0,89,3,0,0,宁波港,交通运输,0,0,0,0,0,0,5.377267169526438,7.17,35.17,-16.02,4.75,0.25,3.26,0.45,0.85,28.58,25.53,0,0,0,5.4,33.17,0.22,,,999.0,交通运输,0.17582938388625594,0.18293838862559242,0,0,0,,not_test_year,2021_bad0_late0,191
603004,鼎龙科技,2023,2024-04-26,2024-04-26,0,0.0,0,0,0,117.0,117,4,1,1,鼎龙科技,其他,0,0,0,0,0,0,2.231089091288976,19.48,22.43,18.48,58.58,0.85,4.82,0.91,2.68,30.62,2.82,1,0,0,-8.215,6.858333333333334,170000000.0,2023-12-26,2023-12-26,122.0,其他,0.6569897275569451,0.6712818222420723,0,0,0,0.0015951865387047756,bottom_20_risk,,192
600855,航天长峰,2023,2024-03-19,2024-04-02,1,14.0,1,0,1,79.0,93,4,1,0,航天长峰,机械行业,1,1,1,0,1,1,2.9454910571172443,0.31,52.97,-35.3,-95.33,0.0125,3.91,-0.17,1.65,26.03,1.42,1,1,1,-2554.3622,-1860.5898,-280990000.0,2024-01-30,2024-01-30,63.0,机械行业,0.2396158999553372,0.03729343456900402,0,0,0,0.9946763362917318,top_20_risk,,193
603565,中谷物流,2023,2024-04-30,2024-03-27,1,-24.0,0,1,0,121.0,87,3,0,0,中谷物流,其他,0,0,0,0,0,0,4.963473802918644,28.36,53.62,15.6,14.02,1.31,6.56,2.79,1.72,22.55,107.15,0,0,0,5.4,33.17,0.22,,,999.0,其他,0.09267530147387226,0.9537740062527914,0,0,1,0.0016574912778628721,bottom_20_risk,,194
603626,科森科技,2023,2024-04-18,2024-04-18,0,0.0,0,0,0,109.0,109,4,1,0,科森科技,其他,1,1,1,0,1,1,3.562181801067979,2.86,45.53,-17.44,-76.48,0.16,5.57,1.37,1.17,14.58,8.3,1,1,1,-751.48,-590.815,-305000000.0,2024-01-31,2024-01-31,78.0,其他,0.3845466726217061,0.3945958016971862,0,0,0,0.9951939655235217,top_20_risk,,195
002506,协鑫集成,2021,2022-04-30,2022-04-30,0,0.0,0,0,0,120.0,120,4,1,1,协鑫集成,电子器件,1,1,0,0,1,1,4.103799720992856,-60.1385,68.73,-31.4,-2680.4067,-0.519,0.73,0.15,0.95,9.29,4.85,1,1,1,-21.71,12.469999999999999,-1875515900.0,2022-01-29,2022-01-29,91.0,电子器件,0.9466824644549763,0.9507109004739337,1,1,1,,not_test_year,2021_bad1_late1,196
605319,无锡振华,2021,2022-04-30,2022-04-30,0,0.0,0,0,0,120.0,120,4,1,1,无锡振华,其他,0,0,0,0,0,0,2.719319793360441,9.48,55.22,-9.72,-0.36,0.7,7.76,1.9,0.93,20.88,5.54,0,0,0,5.4,33.17,0.22,,,999.0,其他,0.9466824644549763,0.9507109004739337,1,1,1,,not_test_year,2021_bad0_late1,197
002219,新里程,2022,2023-04-14,2023-04-14,0,0.0,0,0,0,104.0,104,4,1,0,新里程,生物制药,0,0,0,0,0,0,3.4391352210025476,-102.6847,76.29,7.49,-610.96,-0.1991,0.83,0.15,0.66,26.78,12.15,1,0,0,121.5,131.0,0.04595,2023-01-19,2023-01-19,85.0,生物制药,0.33835616438356164,0.33812785388127853,0,0,0,,not_test_year,2022_bad0_late0,198
601609,金田股份,2022,2023-04-29,2023-04-29,0,0.0,0,0,0,119.0,119,4,1,1,金田股份,其他,0,0,0,0,0,0,6.700226677300203,10.36,60.04,73.31,44.7,0.51,4.9,-0.93,1.53,3.2,19.91,1,1,1,-75.35,-59.3425,170000000.0,2023-01-31,2023-01-31,88.0,其他,0.9315068493150684,0.9230593607305936,1,1,1,,not_test_year,2022_bad0_late1,199
603069,海汽集团,2021,2022-03-31,2022-03-31,0,0.0,0,0,0,90.0,90,3,0,0,海汽集团,其他,1,1,0,0,1,1,1.986503546020567,-9.21,46.63,-39.86,-299.52,-0.31,3.24,0.07,0.77,5.3,29.23,1,1,1,43.63,44.5625,-75000000.0,2022-01-25,2022-01-25,65.0,其他,0.22914691943127963,0.24218009478672986,0,0,0,,not_test_year,2021_bad1_late0,200
601512,中新集团,2021,2022-04-16,2022-04-16,0,0.0,0,0,0,106.0,106,4,1,0,中新集团,其他,0,0,0,0,0,0,3.559340082758951,12.41,41.73,-35.71,20.67,0.87,7.37,-0.56,2.12,64.19,0.1948,0,0,0,5.4,33.17,0.22,,,999.0,其他,0.39976303317535544,0.4194312796208531,0,0,0,,not_test_year,2021_bad0_late0,201
002348,高乐股份,2022,2023-04-29,2023-04-29,0,0.0,0,0,0,119.0,119,4,1,1,高乐股份,其他,1,1,0,0,1,1,1.6863989535702288,-15.54,29.58,-13.39,43.17,-0.1147,0.69,0.04,1.86,20.92,3.82,1,1,1,-29.095,4.196,-85000000.0,2023-01-30,2023-01-30,89.0,其他,0.9315068493150684,0.9230593607305936,1,1,1,,not_test_year,2022_bad1_late1,202
600815,厦工股份,2023,2024-04-19,2024-04-19,0,0.0,0,0,0,110.0,110,4,1,0,厦工股份,机械行业,1,1,1,0,1,1,2.4042387467205457,18.56,39.2,-35.19,314.37,0.15,0.85,-0.03,2.84,8.94,1.49,1,1,1,-177.46,-79.3725,-220000000.0,2024-01-27,2024-01-27,83.0,机械行业,0.41737382760160785,0.4276462706565431,0,0,0,0.9849395848117837,top_20_risk,,203
603880,南卫股份,2023,2024-03-30,2024-03-30,0,0.0,0,0,0,90.0,90,3,0,0,南卫股份,其他,1,1,1,0,1,1,1.864080130807681,-2.3,57.35,3.4,35.64,-0.05,2.11,0.11,0.84,13.24,1.87,1,1,1,-753.32,-647.9875,-125000000.0,2024-01-31,2024-01-31,59.0,其他,0.20477891916033944,0.21281822242072354,0,0,0,0.9796162632959786,top_20_risk,,204
001311,多利科技,2023,2024-04-19,2024-04-19,0,0.0,0,0,0,110.0,110,4,1,0,多利科技,其他,0,0,0,0,0,0,3.542407550213679,27.23,47.21,21.03,15.98,4.22,17.57,2.68,1.45,24.53,4.86,0,0,0,5.4,33.17,0.22,,,999.0,其他,0.41737382760160785,0.4276462706565431,0,0,0,0.0028001239306209387,bottom_20_risk,,205
002306,*ST云网,2023,2024-03-16,2024-04-30,1,28.0,1,0,1,76.0,121,4,1,1,*ST云网,酒店旅游,1,1,1,0,1,1,0.9895411936137477,-32.24,67.43,-58.88,-622.08,-0.0303,0.08379999999999999,-0.03,1.27,48.88,238.01,1,1,1,-254.155,-116.56666666666666,-82500000.0,2024-01-31,2024-01-31,90.0,Other,0.9419383653416704,0.030817329164805715,1,1,0,0.9823791510514193,top_20_risk,,206
000601,韶能股份,2023,2024-04-27,2024-04-27,0,0.0,0,0,0,118.0,118,4,1,1,韶能股份,电力行业,1,1,1,0,1,1,3.676047475298558,-1.61,62.88,-3.31,-376.83,-0.07,4.21,0.5,1.04,15.07,6.66,1,1,1,-189.525,-139.41750000000002,-241180000.0,2024-01-31,2024-01-31,87.0,电力行业,0.7791424743188924,0.7972309066547566,1,1,1,0.9939070746934864,top_20_risk,,207
000591,太阳能,2022,2023-04-13,2023-04-13,0,0.0,0,0,0,103.0,103,4,1,0,太阳能,商业百货,0,0,0,0,0,0,4.266475481513779,8.18,62.51,32.25,15.68,0.3955,4.95,0.68,2.03,41.67,25.26,1,0,0,16.445,19.6375,0.40645,2023-01-10,2023-01-10,93.0,商业百货,0.33036529680365295,0.33013698630136984,0,0,0,,not_test_year,2022_bad0_late0,208
000733,振华科技,2022,2023-04-28,2023-04-28,0,0.0,0,0,0,118.0,118,4,1,1,振华科技,电子器件,0,0,0,0,0,0,4.052827882019167,22.3,33.14,43.2,146.21,2.8946,14.36,2.58,2.96,60.82,1.51,1,0,0,58.285,61.302499999999995,4.5548,2023-01-17,2023-01-17,101.0,电子器件,0.8015981735159817,0.7915525114155251,1,1,1,,not_test_year,2022_bad0_late1,209
603586,金麒麟,2021,2022-04-28,2022-04-28,0,0.0,0,0,0,118.0,118,4,1,1,金麒麟,其他,1,1,1,0,1,1,2.6297282343267403,7.56,16.86,-20.67,-19.7,0.82,10.65,1.72,3.56,28.23,3.63,1,1,1,-275.56,-167.87666666666667,-63554300.0,2022-01-22,2022-01-22,96.0,其他,0.75260663507109,0.7755924170616114,1,1,1,,not_test_year,2021_bad1_late1,210
000609,*ST中迪,2021,2022-03-16,2022-04-12,1,27.0,1,0,1,75.0,102,4,1,0,ST中迪,房地产,1,1,0,0,1,1,0.9861519904409537,-21.4,68.1,-67.20689999999999,-1124.16,-1.0,4.17,-0.25,2.04,31.46,0.1948,1,1,1,-0.28,216.00833333333333,-300000000.0,2022-01-29,2022-01-29,73.0,房地产,0.32701421800947866,0.04597156398104266,0,0,0,,not_test_year,2021_bad1_late0,211
000767,晋控电力,2021,2022-04-29,2022-04-29,0,0.0,0,0,0,119.0,119,4,1,1,晋控电力,电力行业,0,1,1,0,1,1,4.784487233761747,2.93,84.84,-2.81,300.46,0.0887,2.55,0.92,0.48,20.32,10.14,1,1,1,-171.265,-134.825,-119880000.0,2022-01-29,2022-01-29,90.0,电力行业,0.8481042654028436,0.8604265402843602,1,1,1,,not_test_year,2021_bad1_late1,212
002317,众生药业,2023,2024-04-23,2024-04-23,0,0.0,0,0,0,114.0,114,4,1,1,众生药业,生物制药,0,0,0,0,0,0,3.3235961356386037,8.98,33.92,10.17,16.0,0.4,4.55,0.08,2.92,64.86,2.02,0,0,0,5.4,33.17,0.22,,,999.0,生物制药,0.5096025011165699,0.5189816882536846,0,0,0,0.013701155966270277,middle_60_risk,,213
603609,禾丰股份,2023,2024-03-30,2024-03-30,0,0.0,0,0,0,90.0,90,3,0,0,禾丰股份,农林牧渔,1,1,1,0,1,1,5.796422425904647,7.48,45.71,11.34,332.63,0.58,7.62,0.21,1.71,6.01,10.19,1,1,1,-195.255,-192.89999999999998,-495000000.0,2024-01-31,2024-01-31,59.0,农林牧渔,0.20477891916033944,0.21281822242072354,0,0,0,0.9876470299461089,top_20_risk,,214
603223,恒通股份,2023,2024-04-18,2024-04-18,0,0.0,0,0,0,109.0,109,4,1,0,恒通股份,其他,0,0,0,0,0,0,3.983226764434478,4.62,18.0,-25.6,4.42,0.17,7.2,-0.13,6.74,3.0,531.0055999999997,1,0,0,21.0,40.5,113650000.0,2024-01-31,2024-01-31,78.0,其他,0.3845466726217061,0.3945958016971862,0,0,0,0.006453453195899617,middle_60_risk,,215
000876,新希望,2021,2022-04-30,2022-04-28,1,-2.0,0,1,0,120.0,118,4,1,1,新 希 望,农林牧渔,1,1,1,0,1,1,7.002383408060919,16.09,53.06,33.85,-1.94,1.17,8.4,1.26,0.91,10.61,7.87,1,1,1,-284.055,-248.285,-2541000000.0,2022-01-29,2022-01-29,89.0,农林牧渔,0.75260663507109,0.9507109004739337,1,1,1,,not_test_year,2021_bad1_late1,216
000735,罗牛山,2023,2024-04-27,2024-04-27,0,0.0,0,0,0,118.0,118,4,1,1,罗 牛 山,农林牧渔,1,1,1,0,1,1,3.3958497753355603,2.17,61.94,53.46,121.11,0.0775,3.76,0.5,0.9,16.43,0.87,1,1,1,-1030.25,-855.1816666666667,-450000000.0,2024-01-31,2024-01-31,87.0,农林牧渔,0.7791424743188924,0.7972309066547566,1,1,1,0.9962903628957996,top_20_risk,,217
605081,*ST太和,2023,2024-04-26,2024-04-26,0,0.0,0,0,0,117.0,117,4,1,1,*ST太和,其他,1,1,1,0,1,1,1.1151415906193203,-9.38,16.45,-55.37,-273.52,-1.42,14.1,-0.85,5.88,44.83,3.07,1,1,1,-43.45,-42.955,-230000000.0,2024-01-31,2024-01-31,86.0,其他,0.6569897275569451,0.6712818222420723,0,0,0,0.9860860087662605,top_20_risk,,218
603983,丸美生物,2023,2024-04-27,2024-04-27,0,0.0,0,0,0,118.0,118,4,1,1,丸美生物,其他,0,0,0,0,0,0,2.9079933592459843,5.56,20.5,-3.1,-29.74,0.43,7.94,0.12,3.35,68.4,3.77,1,0,0,73.0,76.75,235000000.0,2024-01-23,2024-01-23,95.0,其他,0.7791424743188924,0.7972309066547566,1,1,1,0.004933220537393178,middle_60_risk,,219
605188,国光连锁,2023,2024-04-26,2024-04-26,0,0.0,0,0,0,117.0,117,4,1,1,国光连锁,其他,0,0,0,0,0,1,3.1570004211501135,1.71,58.58,5.0,-37.56,0.04,2.23,0.43,1.11,25.64,6.01,0,0,0,5.4,33.17,0.22,,,999.0,其他,0.6569897275569451,0.6712818222420723,0,0,0,0.17217725092439656,middle_60_risk,,220
605333,沪光股份,2023,2024-04-26,2024-04-26,0,0.0,0,0,0,117.0,117,4,1,1,沪光股份,其他,0,0,0,0,0,0,3.519868911379654,4.0,66.87,33.91,678.2041999999991,0.1,3.4,-0.54,1.09,11.26,5.02,0,0,0,5.4,33.17,0.22,,,999.0,其他,0.6569897275569451,0.6712818222420723,0,0,0,0.028683049988166297,middle_60_risk,,221
605167,利柏特,2023,2024-04-30,2024-04-26,1,-4.0,0,1,0,121.0,117,4,1,1,利柏特,其他,0,0,0,0,0,0,2.9019708937395166,9.69,46.49,-13.21,25.25,0.31,3.26,0.93,1.36,19.8,9.37,0,0,0,5.4,33.17,0.22,,,999.0,其他,0.6569897275569451,0.9537740062527914,0,0,1,0.004263951660948245,bottom_20_risk,,222
001296,长江材料,2023,2024-04-20,2024-04-20,0,0.0,0,0,0,111.0,111,4,1,1,长江材料,其他,0,0,0,0,0,0,2.347558458636777,4.63,16.38,1.43,-25.42,0.67,14.69,-0.06,5.1,19.24,4.29,1,0,0,86.895,97.35,1.255,2024-01-20,2024-01-20,91.0,其他,0.46114336757481017,0.4714158106297454,0,0,0,0.0021771212867238306,bottom_20_risk,,223
601138,工业富联,2023,2024-03-14,2024-03-14,0,0.0,0,0,0,74.0,74,3,0,0,工业富联,其他,0,0,0,0,0,0,7.94419148068913,16.17,54.49,16.45,0.32,1.02,6.49,0.77,1.67,7.26,6.36,0,0,0,5.4,33.17,0.22,,,999.0,其他,0.013398838767306834,0.018758374274229567,0,0,0,0.002125353497325607,bottom_20_risk,,224
000756,新华制药,2023,2024-03-29,2024-03-29,0,0.0,0,0,0,89.0,89,3,0,0,新华制药,生物制药,0,0,0,0,0,0,4.331127999240345,10.62,47.37,14.37,17.94,0.62,6.16,1.13,1.09,27.15,4.88,0,0,0,5.4,33.17,0.22,,,999.0,生物制药,0.1498436802143814,0.1527467619472979,0,0,0,0.004713105063976316,bottom_20_risk,,225
002105,信隆健康,2022,2023-03-15,2023-03-17,1,2.0,1,0,0,74.0,76,3,0,0,信隆健康,其他,0,0,0,1,0,0,3.3083508312958037,36.08,58.66,41.07,64.99,0.748,2.31,0.61,1.37,22.48,5.56,0,0,0,5.4,33.17,0.22,,,999.0,其他,0.03447488584474886,0.029223744292237442,0,0,0,,not_test_year,2022_bad0_late0,226
603040,新坐标,2023,2024-04-27,2024-04-27,0,0.0,0,0,0,118.0,118,4,1,1,新坐标,其他,0,0,0,0,0,0,1.8357763546448294,15.19,11.3,21.93,10.66,1.17,8.15,1.01,5.75,54.74,1.62,0,0,0,5.4,33.17,0.22,,,999.0,其他,0.7791424743188924,0.7972309066547566,1,1,1,0.0035263936570469733,bottom_20_risk,,227
002012,凯恩股份,2021,2022-03-29,2022-03-29,0,0.0,0,0,0,88.0,88,3,0,0,凯恩股份,造纸行业,0,0,0,0,0,0,2.803360380906535,6.99,29.94,34.53,99.57,0.2,2.93,0.18,2.58,33.95,3.0,0,0,0,5.4,33.17,0.22,,,999.0,Other,0.1443127962085308,0.14928909952606634,0,0,0,,not_test_year,2021_bad0_late0,228
002623,亚玛顿,2022,2023-04-28,2023-04-28,0,0.0,0,0,0,118.0,118,4,1,1,亚玛顿,玻璃行业,0,0,0,0,0,0,3.0596455992976437,1.92,32.72,12.71,-60.8,0.3,16.46,-0.72,2.32,8.31,9.77,0,0,0,5.4,33.17,0.22,,,999.0,Other,0.8015981735159817,0.7915525114155251,1,1,1,,not_test_year,2022_bad0_late1,229
002008,大族激光,2023,2024-04-18,2024-04-18,0,0.0,0,0,0,109.0,109,4,1,0,大族激光,仪器仪表,0,0,0,0,0,0,5.014693714223758,8.93,51.69,-8.4,-39.11,1.15,12.88,0.62,2.04,35.22,2.02,0,0,0,5.4,33.17,0.22,,,999.0,Other,0.3845466726217061,0.3945958016971862,0,0,0,0.049491009822661816,middle_60_risk,,230
603797,联泰环保,2021,2022-04-30,2022-04-30,0,0.0,0,0,0,120.0,120,4,1,1,联泰环保,其他,0,0,0,0,0,0,1.951608170169951,15.39,76.46,23.66,35.56,0.53,3.58,1.08,0.42,70.2,34.71,0,0,0,5.4,33.17,0.22,,,999.0,其他,0.9466824644549763,0.9507109004739337,1,1,1,,not_test_year,2021_bad0_late1,231
300490,华自科技,2023,2024-04-22,2024-04-27,1,5.0,1,0,0,113.0,118,4,1,1,华自科技,其他,1,1,0,0,1,1,2.8791984572980396,-18.78,61.83,-24.48,-1754.4394,-1.31,6.3,-0.65,1.21,21.93,1.84,1,1,1,39.885,50.1875,-190000000.0,2024-01-30,2024-04-22,8.0,其他,0.7791424743188924,0.4975435462259937,1,1,0,0.9879195429680523,top_20_risk,,232
603773,沃格光电,2022,2023-04-27,2023-04-27,0,0.0,0,0,0,117.0,117,4,1,1,沃格光电,其他,1,1,1,0,1,1,2.4423470353692043,-1.72,37.27,73.8,-290.37,-0.1692,12.52,0.74,1.25,22.11,10.35,1,1,1,-1072.62,-959.665,-315000000.0,2023-01-31,2023-01-31,86.0,其他,0.7031963470319634,0.6965753424657535,0,1,0,,not_test_year,2022_bad1_late0,233
603167,渤海轮渡,2023,2024-04-10,2024-04-10,0,0.0,0,0,0,101.0,101,4,1,0,渤海轮渡,交通运输,0,0,0,0,0,0,2.644044871126298,4.52,24.28,-6.7,-19.54,0.35,7.75,0.96,0.82,6.38,10.4,1,0,0,53.565,213.2825,215500000.0,2024-01-30,2024-01-30,71.0,交通运输,0.2780259044216168,0.28852166145600716,0,0,0,0.000876924944243864,bottom_20_risk,,234
000612,焦作万方,2023,2024-03-30,2024-03-30,0,0.0,0,0,0,90.0,90,3,0,0,焦作万方,有色金属,0,0,0,0,0,0,4.215972050343799,5.84,32.46,35.75,-23.58,0.254,4.44,0.53,1.18,1.47,8.71,1,0,0,89.715,109.775,0.482,2024-01-30,2024-01-30,60.0,有色金属,0.20477891916033944,0.21281822242072354,0,0,0,0.0017783191512842544,bottom_20_risk,,235
000830,鲁西化工,2023,2024-04-30,2024-04-30,0,0.0,0,0,0,121.0,121,4,1,1,鲁西化工,农药化肥,0,0,1,0,1,0,5.718900945787902,17.83,49.27,-4.52,-31.68,1.641,9.03,2.67,0.33,20.02,14.09,1,1,1,-73.695,-72.5575,0.434,2024-01-27,2024-01-27,94.0,Other,0.9419383653416704,0.9537740062527914,1,1,1,0.990416871907583,top_20_risk,,236
601038,一拖股份,2023,2024-03-28,2024-03-28,0,0.0,0,0,0,88.0,88,3,0,0,一拖股份,机械行业,0,0,0,0,0,0,4.841348415572757,11.99,49.97,34.61,55.42,0.6061,5.3,3.21,1.29,15.72,7.33,1,0,0,14.85,83.41,84000000.0,2024-01-30,2024-01-30,58.0,机械行业,0.11188030370701206,0.11523001339883877,0,0,0,0.003091907283266997,bottom_20_risk,,237
002576,通达动力,2021,2022-04-26,2022-04-26,0,0.0,0,0,0,116.0,116,4,1,1,通达动力,电器行业,0,0,0,0,0,0,2.7825390530929495,9.53,28.19,17.19,160.95,0.54,5.92,0.0039,2.88,14.56,5.08,0,0,0,5.4,33.17,0.22,,,999.0,Other,0.6158767772511848,0.6436018957345971,0,0,0,,not_test_year,2021_bad0_late0,238
002592,ST八菱,2023,2024-03-30,2024-03-30,0,0.0,0,0,0,90.0,90,3,0,0,ST八菱,交通运输,0,0,0,0,0,0,1.8748743759385615,1.88,40.25,-8.86,-16.1,0.05,2.7,0.22,0.98,20.59,3.73,1,0,0,406.95879999999994,990.7224166666657,0.475,2024-01-23,2024-01-23,67.0,交通运输,0.20477891916033944,0.21281822242072354,0,0,0,0.001694434106881576,bottom_20_risk,,239
